{"type":"FeatureCollection","name":"India_Exclusive_Economic_Zone_v12","attribution":"Flanders Marine Institute (2023). Maritime Boundaries Geodatabase: Maritime Boundaries and Exclusive Economic Zones (200NM), version 12. https://doi.org/10.14284/632. Licensed under CC-BY 4.0","features":[{"type":"Feature","properties":{"name":"Indian Exclusive Economic Zone (Andaman and Nicobar Islands)","mrgid":8333,"mrgid_eez":8333,"sovereign":"India","pol_type":"200NM","area_km2":664448,"source":"Flanders Marine Institute (VLIZ) Maritime Boundaries Geodatabase v12","citation":"Flanders Marine Institute (2023). Maritime Boundaries Geodatabase: Maritime Boundaries and Exclusive Economic Zones (200NM), version 12. https://doi.org/10.14284/632","license":"CC-BY 4.0"},"geometry":{"type":"Polygon","coordinates":[[[90.22874353648567,15.716835388042995],[93.1347222218536,13.819722221903291],[93.6830555557697,13.571666666383791],[93.83333333356691,13.800000000399905],[95.03333333296726,13.800000000399905],[95.68333333346717,12.901944444380803],[95.49999999990084,12.328611111413736],[95.4333333330674,11.72138888928599],[95.3666666662343,10.748055555319937],[95.26611111113917,10.466666666833518],[95.26722222262768,10.311666666783438],[95.60343096456793,9.584286911012157],[95.65444444465575,8.16500000014996],[95.69666666683347,7.958333333416746],[95.42916666700879,7.668333332917555],[94.92694444413135,7.039999999700399],[94.63333333376707,6.641666666383685],[94.40333333296721,6.269999999800703],[93.68666666653385,5.422222221778185],[92.72527777814773,4.308611110714779],[92.16011404762568,3.8406577873275296],[91.70571284467243,4.14926047389207],[91.30962821756864,4.525695548311205],[91.00764114452394,4.9180032764302695],[90.65683200988954,5.518408705797171],[90.00794766785103,6.918123726728766],[89.54800453128465,8.020951454746111],[89.15919553554593,9.508601263537798],[88.97076768378233,10.001160257539937],[88.86199924816728,10.460865502740873],[88.82278629695023,10.83042510363589],[88.79964455265471,11.68193961422196],[88.83055777672061,12.06224248390383],[88.90622824363922,12.440144332794716],[89.0421166033988,12.847851873565261],[89.2619449004371,13.31563343723353],[89.3775057104207,13.948795762014981],[89.62392015968797,14.671460121387597],[89.90125815993648,15.254241929621386],[90.22874353648567,15.716835388042995]],[[93.0152354241757,13.676111220956031],[92.97672641279397,13.655317545368518],[93.02799236765364,13.627014040565712],[93.02529823802368,13.660601138831439],[93.0152354241757,13.676111220956031]],[[93.02269864062978,13.674301266989957],[93.02360987689454,13.670864104894562],[93.02424085113469,13.672513961550123],[93.02269864062978,13.674301266989957]],[[93.0564185381854,13.65417683089612],[93.04702734973282,13.620902061780669],[93.06698191198578,13.65187025061158],[93.0564185381854,13.65417683089612]],[[92.8851332664872,13.574382543419688],[92.90256094962862,13.594981550857867],[92.90222144116674,13.600641608623448],[92.8862402437924,13.592929840239933],[92.8851332664872,13.574382543419688]],[[93.02702677276764,13.578700661606263],[93.00980675208021,13.541852712432828],[92.98788130307989,13.572983146155309],[92.98848664754124,13.527827740158273],[92.91764450039355,13.536441326206429],[92.92959690137619,13.50179517280911],[92.87189853209193,13.471680164508072],[92.88411784196532,13.429395675969644],[92.86772704117035,13.402276754568788],[92.8429862258341,13.402223706259221],[92.86692404730698,13.385685205307993],[92.83628165677348,13.366601467383859],[92.82168841368949,13.309565305794251],[92.84209477915081,13.30137515024306],[92.82247960574935,13.27734255821241],[92.85436236822889,13.257661819737322],[92.82782101662687,13.236516714275183],[92.81880342993466,13.18359374955206],[92.8352040054605,13.173138976083067],[92.8097152707434,13.153493643017327],[92.84718370446475,13.139228344012793],[92.8101474048789,13.126825213612719],[92.82218277461564,13.09646260756351],[92.8102892639387,13.075403928748457],[92.7969472404229,13.08953702471382],[92.78854334390033,13.017745256438545],[92.82519054370871,13.012443542535536],[92.7932337526357,12.981719971099949],[92.79432690106566,12.91447126843434],[92.84305465255042,12.8917336461909],[92.84393584696173,12.885493874642563],[92.84142184254418,12.879271745994515],[92.84271395248706,12.876170635366577],[92.8730031252941,12.882893323967764],[92.85458040256393,12.927548051301642],[92.88232374214718,12.98253107055261],[92.90691924053075,12.984732508398679],[92.91270816305146,12.946399926915191],[92.93858373125451,12.971118211536279],[92.90830540696928,12.999752164131152],[92.90184915061783,13.021982312433849],[92.91617047828518,13.054213523535338],[92.8881137366599,13.045693278122314],[92.91295552247979,13.066290617318245],[92.89266681712004,13.09505593748149],[92.9228227139973,13.056424617402271],[92.9370402095382,13.084433555564132],[92.93505167989147,13.042319059576855],[92.97060680416106,13.012629270524528],[92.96613395222059,13.035300254802848],[93.00421750513405,13.028705358065963],[93.03496706517788,13.081110954506912],[93.03205311336094,13.177956938362158],[93.06638145444103,13.272593140461069],[93.01229584257933,13.276976465791321],[93.01261806517195,13.294807553326095],[93.02191591298904,13.294944644180134],[93.00692975520442,13.308894753290232],[93.0093058350964,13.3200464249026],[92.99126374682484,13.292713642021042],[92.9980480668651,13.315185546975314],[92.96357667422447,13.324985146347558],[92.95067250723073,13.343605041839325],[92.9693373445431,13.360408902149217],[92.98818385570056,13.329291701051247],[93.04138743857985,13.36717247932647],[93.04039645223489,13.32210373919628],[93.06009364110898,13.329077959180552],[93.06544351550625,13.302972554839755],[93.09025073048721,13.33537840798732],[93.05529475255096,13.382147550269224],[93.04872405567087,13.37356412388516],[93.02878761295827,13.373209357526022],[93.07080113846192,13.406610250262986],[93.02090573331301,13.431437611856424],[93.04498493630572,13.525324821683213],[93.02702677276764,13.578700661606263]],[[93.05391454681879,13.56605935115806],[93.05460596089668,13.559905648327103],[93.05723464506312,13.566540479459704],[93.05391454681879,13.56605935115806]],[[94.27200841925318,13.46546220781471],[94.24931395097835,13.445716857546913],[94.25570237596426,13.430299759026866],[94.27549815211827,13.441834450099904],[94.27200841925318,13.46546220781471]],[[93.10235810264467,13.435035944153526],[93.0990942713835,13.430331826153065],[93.10406947112929,13.430009007309934],[93.10235810264467,13.435035944153526]],[[93.06995165324659,13.412366747727205],[93.07268547985151,13.431102752889828],[93.06735753991896,13.422303319242928],[93.06995165324659,13.412366747727205]],[[93.0926654335631,13.420172214676072],[93.08902001366303,13.409997939753339],[93.0954791307577,13.416192054519854],[93.0926654335631,13.420172214676072]],[[93.06170964278621,13.384967923131057],[93.06333684911655,13.38400804973189],[93.0636408325586,13.387026310316102],[93.06170964278621,13.384967923131057]],[[93.0819443465547,13.37000000449683],[93.08256995633852,13.366872907059118],[93.08346831790871,13.368820071489083],[93.0819443465547,13.37000000449683]],[[93.07617461646564,13.366786241192287],[93.0777870415391,13.363142848363964],[93.07912111294914,13.363741875087655],[93.07617461646564,13.366786241192287]],[[93.07861173154632,13.301430225624571],[93.07209670539876,13.298005461582875],[93.07852292079642,13.299109816465077],[93.07861173154632,13.301430225624571]],[[93.00943827645543,13.310742021027409],[93.02590823197946,13.327311873244568],[93.01630270450622,13.331282854020515],[93.00943827645543,13.310742021027409]],[[93.01646041861383,13.337840676206326],[93.0146579739866,13.33963727973672],[93.01491725482768,13.337398648628934],[93.01646041861383,13.337840676206326]],[[93.03760290165283,13.340840339710041],[93.0367486473323,13.343065739092594],[93.03714013121228,13.34070134139381],[93.03760290165283,13.340840339710041]],[[92.96777772945873,13.335277676723365],[92.96638894059723,13.336388945593441],[92.96749985243625,13.332499861579421],[92.96777772945873,13.335277676723365]],[[93.01611113542091,13.28499984746513],[93.01583325839854,13.283333301190908],[93.01666665114536,13.284444451350339],[93.01611113542091,13.28499984746513]],[[93.05750465391705,13.226159930036701],[93.06141138083112,13.22109341582852],[93.05830204500373,13.22691333258416],[93.05750465391705,13.226159930036701]],[[92.92158341404362,13.000488520029364],[92.93984675442456,13.025128721912935],[92.92184472105728,13.027620553545702],[92.92158341404362,13.000488520029364]],[[92.98660111455015,12.99984621972726],[92.98872613880033,12.998126029792672],[92.9891995194424,13.000446438951982],[92.98660111455015,12.99984621972726]],[[93.00575756985629,12.997523427364456],[92.9723540546959,12.969449162448981],[92.96040701906887,12.989472628059545],[92.97394645186753,12.945667147620881],[92.9603009224501,12.949377179313487],[92.95176982851481,12.940771460534663],[92.98263847858343,12.934133172408096],[93.00575756985629,12.997523427364456]],[[92.88634085634587,12.92307531807154],[92.85988092396545,12.93274164241295],[92.8649226429657,12.917100072210687],[92.88634085634587,12.92307531807154]],[[92.89814126470756,12.921408534376482],[92.89592754841769,12.898610830225778],[92.87392091761652,12.881168007897301],[92.8417458529888,12.875590204824277],[92.81018304860928,12.897532343443046],[92.79220974408494,12.889879822395983],[92.78155827539442,12.848533272792267],[92.76937580085283,12.86134040383665],[92.78367233241275,12.824355960059606],[92.78243815859449,12.807669043091934],[92.76055395610078,12.85941624676245],[92.73799455160756,12.81044125545968],[92.72386992006082,12.826648474047943],[92.74614000275895,12.7223267551758],[92.73287510869969,12.674217819996485],[92.76862382912665,12.671720027657386],[92.77974665138723,12.712890624902386],[92.78840124652069,12.674054622722736],[92.7803356650592,12.652776837581087],[92.78035616870253,12.630613327243324],[92.78676724401308,12.625177144909443],[92.78545284257504,12.618980407719661],[92.7771039009244,12.632823466929437],[92.77710425885456,12.667164802313877],[92.75323414823757,12.670724273106927],[92.68454027191618,12.607812524028859],[92.7074731585598,12.596943378034425],[92.69944643950166,12.327713608695987],[92.71963357902658,12.300396442541896],[92.75452101243488,12.295723080455957],[92.77127861971272,12.31955301745785],[92.79453933262423,12.306203842533463],[92.80293154695377,12.312749504985788],[92.80959415454677,12.314669013464353],[92.831985712271,12.302496433264011],[92.8947186473479,12.320183754276897],[92.88980364822018,12.350631237441746],[92.85978782165071,12.362280369044015],[92.8385229112038,12.395048260468897],[92.84150505051795,12.405858159126794],[92.83406615263138,12.409083008374338],[92.82868921763375,12.422480464302112],[92.82994234556284,12.42779874821359],[92.79435515416733,12.4378826619553],[92.79105305675333,12.469670057627056],[92.79681003085832,12.43784427619255],[92.89880704900642,12.41560018030411],[92.84906554214129,12.458363056010285],[92.82918250566846,12.49642431742825],[92.83495891052522,12.49449300804605],[92.85290205448652,12.45878970608004],[92.88587451020047,12.453719616167334],[92.87808597119081,12.444801211207107],[92.90782165534509,12.422175050038547],[92.91309714321866,12.405727863550155],[92.91543030746269,12.443584203648115],[92.95802021026495,12.467487930923198],[92.93187701731065,12.480468749832923],[92.96820855148363,12.49617624303913],[92.95605695246675,12.608108878521989],[92.98025715384452,12.709769368561624],[92.93428385221821,12.773596644569508],[92.94831085246435,12.836079359475022],[92.92738985985446,12.884654402478688],[92.90508520631724,12.884660959435891],[92.9218683246639,12.912325143390873],[92.91027891613922,12.908959507974998],[92.89814126470756,12.921408534376482]],[[92.93620395694708,12.917436004068392],[92.93198621299373,12.916410922625914],[92.93536794177723,12.913537144423842],[92.93620395694708,12.917436004068392]],[[92.91225576359287,12.913895368676492],[92.91252875369904,12.917722701641537],[92.90869355166646,12.91443312189125],[92.91225576359287,12.913895368676492]],[[92.96063411227445,12.419562577950728],[92.91848516505846,12.374281048331838],[92.93112611757627,12.358844041519362],[92.96063411227445,12.419562577950728]],[[92.88203942777753,12.374047756099102],[92.88801407828734,12.407841801857671],[92.84370124351759,12.40044045426366],[92.88203942777753,12.374047756099102]],[[92.89756166963562,12.410783767556993],[92.89908766716226,12.40770614182513],[92.89874851663106,12.411523342128532],[92.89756166963562,12.410783767556993]],[[92.89557826522505,12.394131302717653],[92.89773964906593,12.392732977444936],[92.89720785655757,12.394928813414069],[92.89557826522505,12.394131302717653]],[[92.86231303252052,12.412699461111444],[92.86744773422552,12.420551657732801],[92.85898351657616,12.416538238848645],[92.86231303252052,12.412699461111444]],[[92.84632015205366,12.414906025093103],[92.83344805218624,12.426588654642828],[92.8291399479505,12.423429847109773],[92.84632015205366,12.414906025093103]],[[92.88830018050899,12.413813233693872],[92.88934981793992,12.412848949119905],[92.88934981793992,12.4141577477818],[92.88830018050899,12.413813233693872]],[[92.90465414507307,12.42309534517419],[92.89938187587344,12.421968460476023],[92.90326344964873,12.420248747182029],[92.90465414507307,12.42309534517419]],[[92.87588048010016,12.444157362272506],[92.87449431456119,12.445168733550247],[92.87421095347307,12.444376230278976],[92.87588048010016,12.444157362272506]],[[92.91249537446188,12.353884338891291],[92.91195488011394,12.338127731909466],[92.91795074922786,12.353958010453923],[92.91249537446188,12.353884338891291]],[[92.90670943229455,12.339785575444012],[92.90466487398513,12.340273738242374],[92.90542495219998,12.33845996845298],[92.90670943229455,12.339785575444012]],[[92.91150045358305,12.335184335388988],[92.91274762170568,12.331861376401548],[92.9135421511497,12.332730769909048],[92.91150045358305,12.335184335388988]],[[93.06853544675371,12.319057821960982],[93.0630079508567,12.315923571315736],[93.073889136075,12.316701055009602],[93.06853544675371,12.319057821960982]],[[92.92995166773548,12.305716275985432],[92.92763471646956,12.281010031487995],[92.90163922277227,12.288118958223365],[92.92221045464905,12.231150507489872],[92.94225180147967,12.274309277351279],[92.92995166773548,12.305716275985432]],[[93.8671874999034,12.295555472007592],[93.85423910605019,12.266921878242215],[93.8763889071225,12.270833253751661],[93.8671874999034,12.295555472007592]],[[93.02699804302532,12.273529172133792],[93.02462995091153,12.278121352418452],[93.0220823289367,12.274765610444547],[93.02699804302532,12.273529172133792]],[[93.06250000027504,12.233888745269326],[93.10074985042533,12.203943609909786],[93.10570538019917,12.260754824075775],[93.08861112610285,12.237222075238535],[93.07249987147227,12.259722232395163],[93.06250000027504,12.233888745269326]],[[93.0721383098352,12.210782169861261],[93.03648006929993,12.156917810108823],[93.07441222674314,12.083627343227533],[93.09498310068975,12.142417549730098],[93.0721383098352,12.210782169861261]],[[93.10947394336816,12.143939733232102],[93.1155612465545,12.129956841135368],[93.12052905567137,12.148347973380211],[93.10947394336816,12.143939733232102]],[[93.09789753004716,12.133507252157969],[93.09639322776567,12.136572479836047],[93.09747755564499,12.133576154616023],[93.09789753004716,12.133507252157969]],[[93.04510462258057,12.045540809960514],[93.02754604851137,12.166233778366347],[93.00438225283895,12.11332571540963],[92.99162435518011,12.1439449789778],[92.95578074458601,12.146043658488153],[92.96599674265596,12.118935108068968],[92.98037576632888,12.1118564606071],[92.99707841873428,12.113458513799515],[93.00667285936518,12.107789635483414],[93.00713932512,12.075410842936094],[93.04510462258057,12.045540809960514]],[[92.9974498747122,12.045252442346282],[93.00469768015412,12.103776454919455],[92.95986735839202,12.107357620957487],[92.97957861446187,12.051086545008047],[92.9974498747122,12.045252442346282]],[[92.96610677201014,12.04823756201408],[92.92544460288636,11.995882749389395],[93.00025653830883,11.949983358545296],[93.04315161705384,11.882442950881398],[93.05381214641383,11.903696417455805],[93.00892281563554,12.019949913157973],[92.96610677201014,12.04823756201408]],[[92.75566673253402,11.701921462805274],[92.78420782113412,11.936185956117],[92.74692630790284,11.932192802555946],[92.71837770906413,11.824320435239926],[92.71021425708264,11.814519643367007],[92.69248485589193,11.808922767471813],[92.67983925297929,11.818893313575757],[92.70830535880557,11.817055463538892],[92.72607612611253,11.856461405669506],[92.71445584296313,11.932457566563457],[92.72819304477335,11.994501352055806],[92.74866354448724,11.97745943040843],[92.74287211915325,11.993446946419496],[92.76865375047063,11.998718619368773],[92.73677361041385,12.015674472299281],[92.73938703578321,12.040911913054458],[92.76212084310279,12.020617842339618],[92.78365147083886,12.047107577352776],[92.73523032701829,12.065150618905975],[92.73615252961568,12.106154203054018],[92.75738465797568,12.176108479222918],[92.70393884180444,12.165227770645046],[92.69472110289692,12.239032149713907],[92.68480753873703,12.208437561744006],[92.6542626616928,12.181790351843404],[92.66190755379094,12.215275406734676],[92.63541972623935,12.11949062379341],[92.62346744576601,12.1027704480977],[92.61105537430657,11.870937347480535],[92.56230020519067,11.94625484938176],[92.51371955851099,11.847220063155518],[92.5221072438546,11.82568335510284],[92.54646754254307,11.835027455952272],[92.56210803985445,11.693612933090378],[92.5878187416416,11.718050122015427],[92.60808885082022,11.634047627895654],[92.63134515255697,11.628318429352248],[92.63183546023865,11.650640130437807],[92.64434301811596,11.636229872410695],[92.63662350207304,11.615525842144038],[92.60843181627573,11.619757532783979],[92.60762405420704,11.594711780724126],[92.61882030970978,11.583770751918777],[92.62032043913703,11.572446346621632],[92.61795926101135,11.562597155934156],[92.64703524118354,11.572420358912666],[92.6467683313937,11.522145748327588],[92.69961190216773,11.506008505987936],[92.71145224582474,11.47708594835774],[92.7563600540735,11.665819168519818],[92.72158193595774,11.686406850795592],[92.72974967950441,11.659101843475355],[92.69511342044817,11.65301370661723],[92.69493150738347,11.62290716183604],[92.66625094382621,11.653939842849468],[92.70816183060433,11.669815421144904],[92.70213782799854,11.707243442930675],[92.75566673253402,11.701921462805274]],[[93.01373994334406,11.849118470840708],[93.0502566101546,11.81229352992267],[93.07215535648461,11.83762395338276],[93.01373994334406,11.849118470840708]],[[93.08062863390458,11.788109660232635],[93.08351397558991,11.78023362168436],[93.08620572111718,11.788751721315066],[93.08062863390458,11.788109660232635]],[[92.72370767606836,11.689514755801483],[92.72524416418688,11.687065959426647],[92.72663021101565,11.688334464863871],[92.72370767606836,11.689514755801483]],[[92.69605767712031,11.66372764131755],[92.7007482054656,11.65986824032693],[92.70120394230835,11.663146615424012],[92.69605767712031,11.66372764131755]],[[92.76675975306037,11.678725957936692],[92.7599737647777,11.676782250500366],[92.76115965849178,11.669459104354345],[92.76675975306037,11.678725957936692]],[[92.6702947615943,11.485626101163732],[92.63629627205538,11.517066955675375],[92.62098872624878,11.497409344166044],[92.62432920942555,11.408961654057109],[92.58733963951298,11.400788068514487],[92.59268224199198,11.349497556766835],[92.69084775432074,11.37035501047535],[92.64954876896067,11.40724444357636],[92.68373954254608,11.427165865812015],[92.6702947615943,11.485626101163732]],[[92.5630072350962,11.393724203209615],[92.55706250682957,11.396017074228709],[92.55589711675893,11.390643835444848],[92.5630072350962,11.393724203209615]],[[92.5483886005537,11.393023252721036],[92.54937458037298,11.397583961230907],[92.54551887469657,11.395219922361704],[92.5483886005537,11.393023252721036]],[[92.61142873774602,11.504541754898284],[92.61269044880547,11.510132313056033],[92.60989725615346,11.504128575773152],[92.61142873774602,11.504541754898284]],[[92.27029967269212,11.51615393155862],[92.27256298029764,11.518092274538787],[92.27024996266599,11.51676642922746],[92.27029967269212,11.51615393155862]],[[92.26210200780193,11.51796162103193],[92.27101743240885,11.583902954957509],[92.21557033060682,11.594396233799259],[92.2145073409412,11.529483675731157],[92.26210200780193,11.51796162103193]],[[92.53191101518135,11.59340584280551],[92.53515136244565,11.563336610895874],[92.53048825263116,11.554089069355257],[92.56935334248274,11.589148163556885],[92.53191101518135,11.59340584280551]],[[92.61721253413114,11.582409262877263],[92.600764155142,11.56740224351887],[92.6151702403146,11.562942742913194],[92.61721253413114,11.582409262877263]],[[92.62036323517546,11.557566642486492],[92.60176944700268,11.553115844620592],[92.61075520488899,11.531806349383587],[92.62036323517546,11.557566642486492]],[[92.62668406981427,11.54383075278706],[92.62946343448985,11.54281115541066],[92.62789142135242,11.549131750829801],[92.62668406981427,11.54383075278706]],[[92.60643136521574,11.534196018931254],[92.60072982352293,11.530265450090539],[92.60643684838212,11.522089243024126],[92.60643136521574,11.534196018931254]],[[92.56894683812644,11.527585148435875],[92.55193281165012,11.537550806724411],[92.56669437904273,11.516976952424557],[92.56894683812644,11.527585148435875]],[[92.58792853357531,11.57042253027548],[92.59547030940749,11.532775520873585],[92.59234488021238,11.577328204832824],[92.58792853357531,11.57042253027548]],[[92.57545423532477,11.56433427290851],[92.57338655004978,11.566137552106397],[92.57386946710253,11.56256020099265],[92.57545423532477,11.56433427290851]],[[92.56702876046884,11.568902850486268],[92.5654131176216,11.570618748856063],[92.56558585130611,11.567910671640263],[92.56702876046884,11.568902850486268]],[[92.57954490147634,11.583892345655372],[92.57657194154186,11.584650874338521],[92.57814931913609,11.581925749573657],[92.57954490147634,11.583892345655372]],[[92.64505112181209,11.515448212864825],[92.64530312983587,11.513355851091816],[92.64553225011346,11.51519727683295],[92.64505112181209,11.515448212864825]],[[92.67168402709652,11.489159464637723],[92.67326927195964,11.487069844897462],[92.6732460262833,11.487459421315336],[92.67168402709652,11.489159464637723]],[[92.55057096467849,11.723647117520613],[92.54945337807138,11.72426807870896],[92.55071067795578,11.721231937803779],[92.55057096467849,11.723647117520613]],[[92.56306791325383,11.947246670297645],[92.56823885404023,11.949658751849995],[92.56492817439576,11.950155019338794],[92.56306791325383,11.947246670297645]],[[92.59312677418163,11.976556062312554],[92.5988366606837,11.927802324018145],[92.60923063728447,11.942239523035752],[92.59312677418163,11.976556062312554]],[[92.58129191369099,11.979169130650789],[92.5848909618488,11.977821231264727],[92.58353972417913,11.98248481772032],[92.58129191369099,11.979169130650789]],[[92.59554994077726,11.914751053118664],[92.5997982023255,11.908082962358932],[92.60160768055036,11.918530463909747],[92.59554994077726,11.914751053118664]],[[92.63018882315575,12.113054752375035],[92.62871944874385,12.115079879932509],[92.62821567101676,12.112186908399337],[92.63018882315575,12.113054752375035]],[[92.63061511529568,12.11791324619945],[92.63055205303502,12.119917750503859],[92.63019514089322,12.117995977532345],[92.63061511529568,12.11791324619945]],[[92.68023645834595,12.218897104317932],[92.68268275280698,12.214977144779539],[92.68229150814685,12.224481343839031],[92.68023645834595,12.218897104317932]],[[92.70997893777772,12.231489300990503],[92.72367501269198,12.291207910017178],[92.70607161551268,12.298569679347224],[92.70186746121456,12.263543725162819],[92.70997893777772,12.231489300990503]],[[92.69946682443472,12.24817824323138],[92.69589972469274,12.246747970442641],[92.69823884964345,12.244684100091135],[92.69946682443472,12.24817824323138]],[[92.7715835573355,12.31276285632093],[92.77815484956685,12.279134631158385],[92.76478767381221,12.263816833080341],[92.75040531185604,12.273626446403497],[92.74237894982869,12.244752049267547],[92.76990687840018,12.236472844646116],[92.76738011799844,12.184889912939283],[92.73929345592856,12.09490585342256],[92.76440536931241,12.063389659105596],[92.81249999987531,12.106863856282018],[92.8230769633316,12.165816068456763],[92.85062444226449,12.157619953098262],[92.84875261763924,12.19984471765973],[92.88067173970941,12.195153951893516],[92.85886681065497,12.245643853880821],[92.8651021719277,12.251348853466808],[92.8782751561736,12.25115382648788],[92.88940334289035,12.26556503779635],[92.86638677163236,12.305416345787691],[92.82978045950088,12.300238609724147],[92.80954694733416,12.312723755596764],[92.79536914786789,12.303936243363069],[92.7715835573355,12.31276285632093]],[[92.76514792423777,12.297085047037342],[92.76510310202687,12.298949480134581],[92.76371383652432,12.297084450786826],[92.76514792423777,12.297085047037342]],[[92.87715256214139,12.296008348106795],[92.88070654886835,12.295629143570224],[92.87968432906851,12.298120021921704],[92.87715256214139,12.296008348106795]],[[92.90013825877375,12.262314677480433],[92.9008789062365,12.258674740746812],[92.90078997587696,12.262472152368048],[92.90013825877375,12.262314677480433]],[[92.91334414471649,12.222729444708023],[92.88449811939282,12.239154100481343],[92.87048733212467,12.243862628757412],[92.87917363645445,12.208429216934974],[92.89178025735319,12.233879804209707],[92.91334414471649,12.222729444708023]],[[92.9416927100506,12.217418313104801],[92.92509853836683,12.211778044920834],[92.93303394296211,12.1958297492435],[92.9416927100506,12.217418313104801]],[[93.02170884588682,12.224953055339299],[93.01931893801876,12.222707748563764],[93.02177894084573,12.223644256677218],[93.02170884588682,12.224953055339299]],[[92.8674879078408,12.236543655465368],[92.86161184281238,12.245648145445614],[92.86539995634305,12.235910415833175],[92.8674879078408,12.236543655465368]],[[92.8819444180007,12.248888850639943],[92.87944436116865,12.24805545789313],[92.88111114486381,12.245277643648365],[92.8819444180007,12.248888850639943]],[[92.84455406701679,12.149709939961951],[92.84628570082495,12.148100971882386],[92.84715890925665,12.150661110621783],[92.84455406701679,12.149709939961951]],[[92.95763003849581,12.09974885012933],[92.94879102748408,12.098911762068326],[92.95157504075556,12.084073305338777],[92.95763003849581,12.09974885012933]],[[92.99261331535243,12.112018108349048],[92.99301385900233,12.110281467116181],[92.99379944828624,12.110517859311685],[92.99261331535243,12.112018108349048]],[[92.97089934372971,12.065287351829895],[92.9697449208916,12.063944220649475],[92.97108840910303,12.064254045188122],[92.97089934372971,12.065287351829895]],[[92.73946094476676,12.107064246817572],[92.74256682360053,12.114806771115525],[92.73882246028856,12.106985807049284],[92.73946094476676,12.107064246817572]],[[92.76363456218567,12.178389549338291],[92.75629901888479,12.18039035832851],[92.75936472410328,12.177847504558827],[92.75906586679665,12.166739344844984],[92.76363456218567,12.178389549338291]],[[92.73089051268735,12.192983150352234],[92.7659467461456,12.18509006515444],[92.7622766497478,12.229213118690438],[92.74001586424086,12.23573136351176],[92.73308074498047,12.21038913734877],[92.72991931412517,12.242520332147649],[92.7230979204331,12.189313768915483],[92.73089051268735,12.192983150352234]],[[92.73255515060012,12.182364940389661],[92.72529625921507,12.185465574376735],[92.72855520266049,12.18145215549275],[92.73255515060012,12.182364940389661]],[[92.72029280636801,12.180438637533314],[92.71943211560009,12.181285858255876],[92.7191802262868,12.179281353951467],[92.72029280636801,12.180438637533314]],[[92.74288690130984,12.255115270852954],[92.74845015964749,12.288561939981477],[92.73477554345672,12.248350143244622],[92.74288690130984,12.255115270852954]],[[92.73846542853695,12.272474408567163],[92.73754680164373,12.275248050856973],[92.73531055463874,12.269312262750688],[92.73846542853695,12.272474408567163]],[[92.73662352525591,12.281949043313716],[92.73764240767119,12.292445540828965],[92.73520731966235,12.287382841545082],[92.73662352525591,12.281949043313716]],[[92.7527778151443,12.294166565334805],[92.75499987624377,12.293611049610362],[92.75499987624377,12.294444441457813],[92.7527778151443,12.294166565334805]],[[92.77029943427172,12.290565729324996],[92.7665765287841,12.289693355463939],[92.76698756212639,12.289078235372358],[92.77029943427172,12.290565729324996]],[[92.76790904976306,12.2842711207158],[92.75321876983045,12.277757644999426],[92.76367843111487,12.266161442096788],[92.76790904976306,12.2842711207158]],[[92.77683162667861,12.01599025754426],[92.77093815796982,12.017108560012218],[92.7737765316617,12.012738824337404],[92.77683162667861,12.01599025754426]],[[92.76697242293906,11.95526730993845],[92.7360856533306,11.95312499981901],[92.74624073492217,11.944847822269423],[92.76697242293906,11.95526730993845]],[[92.7315082552021,11.943828821143185],[92.72352445089305,11.95363473915198],[92.72607374200985,11.941240906842381],[92.7315082552021,11.943828821143185]],[[92.74459397822957,11.965210915051614],[92.74207806545084,11.966646552296694],[92.74236536017352,11.9646352527148],[92.74459397822957,11.965210915051614]],[[92.68463051348763,12.539344429701828],[92.66873800725361,12.531709074913849],[92.67828750606381,12.522327661192605],[92.68463051348763,12.539344429701828]],[[92.70317172999191,12.638167738550237],[92.70071887947293,12.639614462637425],[92.70147132873913,12.637997627288883],[92.70317172999191,12.638167738550237]],[[92.7311803102236,12.70272433775817],[92.73118555506963,12.704436302493477],[92.73087286978748,12.702537059337757],[92.7311803102236,12.70272433775817]],[[92.71973001962502,12.721965313148743],[92.72546625176622,12.748212337329662],[92.71216857472032,12.777146458442402],[92.70811510093134,12.829672932759593],[92.69443273528279,12.79680705030512],[92.71973001962502,12.721965313148743]],[[92.65730762494698,12.772755742483682],[92.65414881741455,12.771315217423464],[92.65527915910607,12.769009232490063],[92.65730762494698,12.772755742483682]],[[92.66803634180386,12.782659649723144],[92.6752709146214,12.835313320553311],[92.7207081321749,12.883222818478188],[92.72065770628834,12.975822806177689],[92.69466495552334,12.992136001775165],[92.64837706115256,12.861655831151765],[92.66803634180386,12.782659649723144]],[[92.67057085076434,12.948411464817298],[92.67055463778681,12.949540734517356],[92.6699165103386,12.949208736294054],[92.67057085076434,12.948411464817298]],[[92.66966032946092,12.952619910680298],[92.66815304772533,12.953740358031197],[92.66867184682829,12.9520380493165],[92.66966032946092,12.952619910680298]],[[92.76079916974643,12.929787159050193],[92.7663899662243,12.928791761530576],[92.76272714174448,12.935045957305178],[92.76079916974643,12.929787159050193]],[[92.77530145629746,12.930506944939566],[92.76942861084191,12.92279636815789],[92.77294957626194,12.918002962766522],[92.77530145629746,12.930506944939566]],[[92.76488423312085,12.917878031645785],[92.76667690301676,12.924642563004042],[92.76220297818517,12.921509027319686],[92.76488423312085,12.917878031645785]],[[92.76669514216704,12.91779184331891],[92.76800775485438,12.91662955321128],[92.76764893525038,12.91781544692553],[92.76669514216704,12.91779184331891]],[[92.79130697223931,12.916635870948639],[92.77431154284366,12.90584397312108],[92.79270493958145,12.891806721503016],[92.80041933038788,12.897660374526652],[92.79130697223931,12.916635870948639]],[[92.79167783286587,12.890976906259297],[92.78165674216532,12.891343354812136],[92.78554892524303,12.882047772386827],[92.79167783286587,12.890976906259297]],[[92.74847126044043,12.892802000312074],[92.75755310099495,12.90778315067206],[92.7540587186352,12.913297056913606],[92.74847126044043,12.892802000312074]],[[92.75712382760256,12.878378272239615],[92.75761473153497,12.876137375739347],[92.76037025428397,12.87717282816368],[92.75712382760256,12.878378272239615]],[[92.76602041680914,12.872598052458144],[92.76337790466684,12.855844855455928],[92.76599323749807,12.855087041733498],[92.76602041680914,12.872598052458144]],[[92.77606272701317,12.865130543539976],[92.77774202837193,12.86665964102967],[92.77593684171214,12.866039752732533],[92.77606272701317,12.865130543539976]],[[92.71897256383298,12.835820555274552],[92.72047007083725,12.86409234998193],[92.7103750702536,12.83375251296826],[92.71897256383298,12.835820555274552]],[[92.72922086734937,12.85585153112315],[92.7307384013566,12.855279445390053],[92.73150241410534,12.856402754383609],[92.72922086734937,12.85585153112315]],[[92.72585225068119,12.836798071573924],[92.727806448709,12.835512280267608],[92.72719252111804,12.8383039233874],[92.72585225068119,12.836798071573924]],[[92.71661615391272,12.804245710771113],[92.71740067030501,12.802975058652123],[92.71711885964763,12.803987145790302],[92.71661615391272,12.804245710771113]],[[92.71556174737694,12.799343705048088],[92.71689712999867,12.798750400710603],[92.71627295013693,12.800849676471387],[92.71556174737694,12.799343705048088]],[[92.71533596538288,12.796155571522377],[92.71590387826146,12.795057653987712],[92.71618795431064,12.797293662672402],[92.71533596538288,12.796155571522377]],[[92.71753275373365,12.788002848452834],[92.71816182141131,12.771142601549784],[92.72456443320257,12.761633277253964],[92.71753275373365,12.788002848452834]],[[92.71759402724277,12.776088118272057],[92.71579873582314,12.775439262811844],[92.71719360320245,12.77502393700513],[92.71759402724277,12.776088118272057]],[[92.72541940248371,12.753678560617104],[92.72680485216253,12.752934574870935],[92.7257342335482,12.753823160810256],[92.72541940248371,12.753678560617104]],[[92.72673141981974,12.73596632478619],[92.72561144820995,12.733229637437987],[92.7278374429441,12.726951360516964],[92.72673141981974,12.73596632478619]],[[92.89353597140823,12.897449016758742],[92.89204573632188,12.899825453681729],[92.89156293887905,12.8975728749882],[92.89353597140823,12.897449016758742]],[[92.86473321876306,12.913238048797083],[92.86339294922564,12.914754271592571],[92.86334240462818,12.913470149428065],[92.86473321876306,12.913238048797083]],[[92.8928600553476,12.936662912263557],[92.8902118208193,12.937165736709275],[92.88960635674826,12.935066461847782],[92.8928600553476,12.936662912263557]],[[92.90271496752197,12.938704251899807],[92.9011141059315,12.941629410169114],[92.89968883966836,12.940978646347432],[92.90271496752197,12.938704251899807]],[[92.91252601166636,13.00278854335663],[92.91078603304894,13.004688978113833],[92.9122253656083,13.002568006208705],[92.91252601166636,13.00278854335663]],[[92.94532716271894,13.025209427073364],[92.94928324262773,13.021236658444977],[92.94933784046938,13.024649739394135],[92.94532716271894,13.025209427073364]],[[92.91878330740386,13.04358661173272],[92.9147982594325,13.042134999830395],[92.91897642602149,13.040340542981767],[92.91878330740386,13.04358661173272]],[[92.93287026904787,13.049512863428049],[92.93288433534408,13.052734255681443],[92.9318523408131,13.052214741617135],[92.93287026904787,13.049512863428049]],[[92.91682803648482,13.06256520721864],[92.91325247322325,13.061534047258462],[92.91717851127933,13.057959318567711],[92.91682803648482,13.06256520721864]],[[92.70659041371655,13.070299506317312],[92.69590222840534,13.094762206310733],[92.70143914200301,13.070784211222417],[92.70659041371655,13.070299506317312]],[[92.72836732888933,13.093399643478833],[92.73168826080487,13.093414425635217],[92.73075544800597,13.095863580839818],[92.72836732888933,13.093399643478833]],[[92.79634726041778,13.170449852978422],[92.79378843288978,13.168248057202149],[92.7975080009937,13.167819857600236],[92.79634726041778,13.170449852978422]],[[92.81444442317192,13.403055548574784],[92.81888890240091,13.416388749741131],[92.81166660802788,13.419166564885074],[92.81444442317192,13.403055548574784]],[[92.82138884052259,13.43638885006554],[92.84638893580089,13.430833339387206],[92.84333324453385,13.44416654145283],[92.82138884052259,13.43638885006554]],[[92.86583316337001,13.41361105420701],[92.86583185215844,13.41139555006464],[92.86751437219053,13.4116016629864],[92.86583316337001,13.41361105420701]],[[92.87111115495603,13.50194442249709],[92.87416660790294,13.513055443853759],[92.86666655521779,13.509166717769858],[92.87111115495603,13.50194442249709]],[[92.91518771624047,13.513601780198016],[92.9161554578084,13.506863474869462],[92.92012286198107,13.515036940802418],[92.91518771624047,13.513601780198016]],[[92.91166663210961,13.532500028453725],[92.9069442749587,13.536944270261813],[92.90611112143111,13.530277729033955],[92.91166663210961,13.532500028453725]],[[92.87405574307823,13.536696672513457],[92.87862980382263,13.537755727644694],[92.87489175824814,13.54061365169882],[92.87405574307823,13.536696672513457]],[[93.00520372417301,13.55860257115188],[93.0078605409316,13.555363416388715],[93.00646555394255,13.559977531138188],[93.00520372417301,13.55860257115188]],[[92.71735870793819,11.328476547854436],[92.71472215650252,11.308055519846562],[92.72344124291939,11.332779526853685],[92.71735870793819,11.328476547854436]],[[92.70950627299626,11.301145553724425],[92.70028996491041,11.311383843289818],[92.697800874411,11.30927443486739],[92.70950627299626,11.301145553724425]],[[92.70537495568979,11.289258242074368],[92.68768060197849,11.241933226137462],[92.70580136743925,11.263130545338356],[92.70537495568979,11.289258242074368]],[[92.67305552918967,11.185555458218005],[92.68111097798922,11.18111097808928],[92.67472207546368,11.189444422622202],[92.67305552918967,11.185555458218005]],[[92.73132395713506,11.149898410183539],[92.7301615474178,11.141695857477941],[92.73485755892935,11.145782232064562],[92.73132395713506,11.149898410183539]],[[92.7227777240129,11.141388774072752],[92.72576057918766,11.144159555618998],[92.72333335844777,11.14388883090497],[92.7227777240129,11.141388774072752]],[[92.6620130541593,10.99274551859098],[92.66348600427611,10.98149597645822],[92.6695296768535,10.990148424909805],[92.6620130541593,10.99274551859098]],[[92.22833847963724,10.976177811257116],[92.21526122102907,10.97875797789844],[92.21758234514917,10.973217129766837],[92.22833847963724,10.976177811257116]],[[92.60882174972394,10.938608050021571],[92.61402654638826,10.927206277847517],[92.62085664282014,10.929559350383727],[92.60882174972394,10.938608050021571]],[[92.55831134319394,10.863142729253696],[92.50680315504192,10.888974428527092],[92.51289713389596,10.877070545969104],[92.51053965108437,10.8690682650885],[92.50087261178172,10.89083135138577],[92.45699465318106,10.861186742474388],[92.39813280128809,10.761058211567203],[92.38489222489645,10.79043805557177],[92.37608253987744,10.773198843351892],[92.38043081772813,10.666962623426514],[92.42057061204414,10.614271760233734],[92.38178324699933,10.537452340153365],[92.45182466477641,10.54458296303335],[92.49935340863337,10.510969162097226],[92.53122007864377,10.518153667857504],[92.56826365014771,10.576317310395538],[92.5409612652501,10.61700415601689],[92.59836161179888,10.698659062565739],[92.55831134319394,10.863142729253696]],[[92.77888894097194,9.24444437021151],[92.76666665074563,9.215277671827025],[92.72083330161612,9.213611125553072],[92.7316665646608,9.124376058308542],[92.78944444660439,9.116944432339892],[92.78233385072681,9.120182156281643],[92.83054757131387,9.138693571051576],[92.81916451493069,9.213243842429335],[92.77888894097194,9.24444437021151]],[[92.81361115003475,9.126944423146597],[92.81166660802788,9.124444365415101],[92.81472206097445,9.126111150009535],[92.81361115003475,9.126944423146597]],[[92.8038028479231,9.120586156925512],[92.79989361729687,9.118699311823931],[92.80386257190051,9.119449019057114],[92.8038028479231,9.120586156925512]],[[92.79861104466389,9.118610977714397],[92.79222214213829,9.117777824187328],[92.79861104466389,9.118333339911871],[92.79861104466389,9.118610977714397]],[[92.85322844993337,8.831115961432587],[92.86256241812148,8.823135852437645],[92.85923385635752,8.837332606015082],[92.85322844993337,8.831115961432587]],[[93.60688114205115,8.581204056821761],[93.60803055746422,8.578055620270732],[93.60916960279533,8.581679344026554],[93.60688114205115,8.581204056821761]],[[93.61273252968263,8.575843811442823],[93.61555516703768,8.45633554425011],[93.62280964814713,8.421678543230428],[93.64251697058197,8.467426300283748],[93.63603055456682,8.522158861042655],[93.61273252968263,8.575843811442823]],[[93.05201899987733,8.438468217634181],[93.05732524366525,8.457268238338642],[93.04344213045036,8.473493337247689],[93.03458452235796,8.45021104780163],[93.05201899987733,8.438468217634181]],[[93.61251294581618,8.48454832994166],[93.61208713031695,8.486356377345018],[93.61074674116944,8.48505520853125],[93.61251294581618,8.48454832994166]],[[93.6338322166836,8.395123362753111],[93.63561773337207,8.39629185188754],[93.6333661079598,8.398245453664956],[93.6338322166836,8.395123362753111]],[[93.65173983562508,8.394619942056863],[93.64775311941096,8.389727950284666],[93.65698993203969,8.39040482052603],[93.65173983562508,8.394619942056863]],[[93.14293336848036,8.341144204541408],[93.0951514240991,8.34000360967893],[93.08533370518651,8.273574710104683],[93.12314534178446,8.220958948396856],[93.19947886445826,8.193899154722175],[93.20461845397844,8.21554124353355],[93.12647795679251,8.276069045450072],[93.14293336848036,8.341144204541408]],[[93.23877310719345,8.261718749720671],[93.221323370877,8.24187397940085],[93.24884402753005,8.223773122231975],[93.23877310719345,8.261718749720671]],[[93.51562499959428,8.229631543460911],[93.45402705660379,8.173416018634555],[93.48515915856834,8.051466703625692],[93.5145304203426,8.083936452705359],[93.52980470652219,8.07849061524989],[93.51801943734725,8.04687499998127],[93.51203155511249,8.068466544195687],[93.50559067716816,8.040394902602586],[93.48538100692818,8.04450237708322],[93.50069224804926,7.997356414367175],[93.50834846530975,8.03373265293952],[93.54998171338562,8.035584449662593],[93.55304014668556,8.066372036640303],[93.50329256040337,8.148082137280937],[93.54516136610445,8.19789814938018],[93.54358685015328,8.225173473677089],[93.51562499959428,8.229631543460911]],[[93.56469631188557,8.113615632455364],[93.57171320919738,8.06627404651016],[93.59395194062975,8.037828445226808],[93.58869624143861,8.109286427426866],[93.56469631188557,8.113615632455364]],[[93.54529643078567,8.028104901520067],[93.55107092818096,7.996291637748911],[93.5329504010405,8.025141000456912],[93.50736355748242,7.984486937822112],[93.5774433610226,7.92828857925457],[93.58269941814396,7.9914370775589845],[93.54529643078567,8.028104901520067]],[[93.46554994587339,7.9280220273946895],[93.4122705456493,7.9619147773451004],[93.40974581231953,8.006595254067918],[93.37945115544667,8.024785518237067],[93.33673155331891,8.012150406816033],[93.31059050524792,7.961621404104548],[93.322546363224,7.9265544417342255],[93.35772025588508,7.9418298008047685],[93.34448766727232,7.901706218567256],[93.37709343431473,7.881655454935341],[93.42262101215036,7.9071766138096535],[93.4616402386063,7.872180342648832],[93.46554994587339,7.9280220273946895]],[[93.34260416045387,7.904687762530443],[93.3407077789411,7.905041575608308],[93.34241712125313,7.904373765137208],[93.34260416045387,7.904687762530443]],[[93.33987784408745,7.908650160176791],[93.33878886671314,7.910156250310649],[93.33937764206453,7.908650160176791],[93.33987784408745,7.908650160176791]],[[93.54058063059179,7.5239217285049875],[93.54998183209628,7.51629066438278],[93.54332804685217,7.525111555853627],[93.54058063059179,7.5239217285049875]],[[93.63220310199173,7.47991073139525],[93.63300800331697,7.475594401060761],[93.63429415255317,7.476237058393451],[93.63220310199173,7.47991073139525]],[[93.6525937320155,7.473632812404546],[93.64426124076377,7.470757126740111],[93.6525641677022,7.470785140621899],[93.6525937320155,7.473632812404546]],[[93.710998058314,7.445048570735011],[93.71433055371213,7.393158554723513],[93.6323739291137,7.370396256881719],[93.62115097004133,7.308374643275215],[93.64823520189319,7.242610454209199],[93.7555303573404,7.35992562746587],[93.710998058314,7.445048570735011]],[[93.76256430130164,7.3985927108851115],[93.77227056003849,7.398397445585886],[93.76719176738644,7.404102563882333],[93.76256430130164,7.3985927108851115]],[[93.84421765831863,7.288158178656943],[93.84621393652421,7.286191820895965],[93.84839773147033,7.290058374194572],[93.84421765831863,7.288158178656943]],[[93.84735751173989,7.243617176891405],[93.80666434748198,7.232898950626293],[93.80282592767483,7.201567531016963],[93.76083755530922,7.21451330154764],[93.7334519624383,7.18726921070548],[93.68607664112429,7.189909100424572],[93.65564847000107,7.125228404667141],[93.67461097211904,7.112242340911266],[93.65734624883069,7.099315166561894],[93.66299593471487,7.006560206788194],[93.69460225099337,7.014654517092254],[93.74529337898642,6.961660147098186],[93.74188065506834,6.924802660614361],[93.78063952959079,6.890260338443852],[93.77169144160715,6.876524925384999],[93.79421973225513,6.85057485104862],[93.78665053879158,6.830695151959674],[93.81527364286435,6.816242813754911],[93.80472886524493,6.765241742512501],[93.82629597218173,6.754214644090482],[93.85094737961813,6.815947651762642],[93.88190853575034,6.793022632388599],[93.90200102342871,6.8127144577062495],[93.8973323108377,6.902134418368675],[93.94562327869156,6.954844951533502],[93.91386795014617,6.99983155748059],[93.94787180414076,6.997938752571429],[93.88807773569911,7.085931539508962],[93.88247525702789,7.203566909185497],[93.84614431820577,7.218031644544666],[93.84735751173989,7.243617176891405]],[[93.79038274326919,6.850528359696156],[93.78718411915182,6.852221846960717],[93.78444921965607,6.848781347481179],[93.79038274326919,6.850528359696156]],[[93.71242451707784,7.208031416316771],[93.71362495462816,7.221958756391402],[93.70898497087992,7.23084354379472],[93.71242451707784,7.208031416316771]],[[93.69499802553875,7.399306654778272],[93.68308424953872,7.405961752133152],[93.68725585917096,7.397353529641805],[93.69499802553875,7.399306654778272]]]}},{"type":"Feature","properties":{"name":"Indian Exclusive Economic Zone","mrgid":8480,"mrgid_eez":8480,"sovereign":"India","pol_type":"200NM","area_km2":1659500,"source":"Flanders Marine Institute (VLIZ) Maritime Boundaries Geodatabase v12","citation":"Flanders Marine Institute (2023). Maritime Boundaries Geodatabase: Maritime Boundaries and Exclusive Economic Zones (200NM), version 12. https://doi.org/10.14284/632","license":"CC-BY 4.0"},"geometry":{"type":"MultiPolygon","coordinates":[[[[68.37693152716875,23.990036324517007],[68.3869340423723,23.965189934168194],[68.38326847585958,23.96831190547013],[68.37633621734258,23.98394477383232],[68.36653816660314,23.98096394572957],[68.33545243728022,23.918028950975383],[68.2774349453666,23.914596557984822],[68.25865554791537,23.875545859753686],[68.31774854625857,23.879519343343134],[68.24898064134365,23.853625059349042],[68.28735446933334,23.839402556382936],[68.26089906683862,23.824814676855908],[68.2457690238214,23.85344493413652],[68.23429167262273,23.836070537625318],[68.21338677428028,23.834779858503794],[68.23464894269463,23.77544784554169],[68.21922266479416,23.75447881204758],[68.21392023593026,23.755403041717102],[68.21227455122957,23.763386606806563],[68.1933056117646,23.73510026916219],[68.20795905546615,23.70697343347723],[68.26055073782632,23.68296527872471],[68.25427460668786,23.71915721923031],[68.26634550054442,23.792852878357678],[68.29561805722759,23.804151177235127],[68.28910803760598,23.816702247011136],[68.30395150176051,23.824348807351612],[68.33789002900167,23.819301247254884],[68.34689533725017,23.903955102346202],[68.41074490565293,23.925262450901442],[68.43437219960813,23.968310141832177],[68.44903933969388,23.959924935987033],[68.42860055007534,23.93644571299933],[68.44871997874404,23.93980085872269],[68.46299004595394,23.93179845823235],[68.45313847026424,23.880052328352406],[68.43996155238378,23.86637973743501],[68.42868375804906,23.861073374936353],[68.44377410409172,23.848297238127145],[68.4719088079452,23.86130225689365],[68.46761441207562,23.89436256917736],[68.51845300190465,23.924060463819387],[68.49909378377285,23.969187166048698],[68.52215945699336,23.94536876655536],[68.54415524017256,23.970036744900057],[68.55680259660286,23.970159138919513],[68.54131674776986,23.939298867948423],[68.5877474544815,23.922196269042615],[68.60352351446645,23.97069820803003],[68.6181817059211,23.907957553998017],[68.66199374241737,23.92261600512461],[68.51554644071567,23.824737906229444],[68.52263820209143,23.817401647967756],[68.52620530093404,23.80206930605371],[68.53732144842618,23.81487321842434],[68.51571941362019,23.784998655563584],[68.52504241457589,23.77585732935239],[68.52927517900648,23.7552607060168],[68.5756405589647,23.822257280149415],[68.60380578041256,23.84969806711223],[68.63739585903167,23.83596694471879],[68.66024625266252,23.858099102891345],[68.76145684695607,23.875090956582454],[68.72231721836496,23.831909656905168],[68.74253714087641,23.837144136592656],[68.66629886629974,23.80811035620806],[68.6325962546135,23.757787943059185],[68.52498090274659,23.690623640868466],[68.52052140214116,23.6546910999144],[68.52988362343049,23.661644101294286],[68.53874886047166,23.66175174744521],[68.48943495785718,23.635320901838213],[68.49496507617735,23.60782384879161],[68.4874434469576,23.578239440497896],[68.49748992911705,23.547332525175932],[68.48415946998361,23.548354863686114],[68.49897360814558,23.514900564709393],[68.4919059279164,23.500738859510818],[68.51899790742758,23.48900616200484],[68.50235581357,23.466035604559607],[68.52240395567813,23.446323037278347],[68.51928687129222,23.47089493295482],[68.53598332377149,23.4211783409078],[68.56053245041235,23.418696641936577],[68.5588154791511,23.387016415775065],[68.5809335710276,23.38967967078031],[68.60264146323308,23.359119773258954],[68.59611523153288,23.38185477218002],[68.60599923137946,23.380661249517118],[68.63714206225652,23.346423149109143],[68.65281033512898,23.302752852062497],[68.65883791433842,23.322786331623973],[68.66813910043922,23.32543754560629],[68.65883541062581,23.303482055652466],[68.70799672616809,23.31466484110956],[68.72394442559491,23.2969061139261],[68.73426365864108,23.308648109522665],[68.74804496770125,23.306860804982193],[68.7583581213303,23.330226779042704],[68.74818396601731,23.30373561410741],[68.72504210480943,23.295534372613304],[68.62967157388417,23.29488754242621],[68.64130961864404,23.266409159055513],[68.65685856317216,23.271974444465172],[68.67177474470876,23.269991040054492],[68.60471105597063,23.23926305744419],[68.61913824103706,23.220019579240216],[68.63622605778644,23.22388875496216],[68.62254083139433,23.231305837994086],[68.65478503680006,23.244111060677028],[68.6589462754504,23.237936735492013],[68.63043463245239,23.2130956646333],[68.60165274138095,23.218833446306576],[68.59901225541134,23.240094899759868],[68.5844947100629,23.223998427285665],[68.76031076892698,23.080017328337078],[69.19769465928121,22.838464975578233],[69.35565495501223,22.828557968375634],[69.47285306441748,22.773485064584122],[69.55511534249914,22.792083263032282],[69.60100305115006,22.75906157483189],[69.6412776709279,22.76649665869388],[69.63498580435154,22.777148961955135],[69.6336373087149,22.79520440066267],[69.70499384379096,22.727990031414947],[69.75246787109549,22.819367408778987],[69.79841220376036,22.850530862909096],[70.13159477737722,22.924136876715522],[70.13879644849746,22.941090107222777],[70.1002351046665,22.938155650862655],[70.0911737677553,22.952379941681016],[70.12643146553975,22.94666707482571],[70.11238467661164,22.97239434752123],[70.15341925589397,23.029436350207504],[70.12144434438105,22.961973547741053],[70.16223096888424,22.94262135049496],[70.22489881552806,22.959920764231924],[70.18630802609462,22.993032932323985],[70.22937321700053,22.966644525724405],[70.20777904946365,23.088578343615723],[70.21511673944613,23.098943113833712],[70.23711144883433,23.114693403078206],[70.25385570567644,23.13671874967065],[70.22126495821132,23.09171402418292],[70.25021016616634,23.099081158868415],[70.26814901856253,23.11738443364476],[70.30318951568373,23.133720278667937],[70.27626144930659,23.102998256764238],[70.31249999987526,23.1160713434179],[70.33351433312006,23.11792194853922],[70.3375535013931,23.11597132711509],[70.37059342874383,23.156968713135626],[70.43993806798753,23.17256355276578],[70.45265781910317,23.171398401015495],[70.48997664430678,23.153254270268377],[70.5063449143864,23.17156636739398],[70.63449132451515,23.171645045482563],[70.56120276419634,23.164870023532785],[70.50650715837875,23.110256433187857],[70.4708377122906,23.01069724598119],[70.4538896088184,22.984565019360275],[70.43753433214383,22.974964142281408],[70.46673345558455,22.986193179871407],[70.4949947597004,23.012796044202105],[70.51673245453915,23.024488449382517],[70.53088915321186,23.027050256364276],[70.5269259209945,23.037212609874103],[70.55458044982791,23.036161422911363],[70.44351363214847,22.960752963578443],[70.49776995152209,22.934675931948732],[70.46183085451045,22.85156250040916],[70.46992552274483,22.89063513310495],[70.45642960094543,22.88485145543038],[70.44485020637202,22.889398575184174],[70.446113466963,22.927160858786664],[70.4327534435167,22.924159765360884],[70.42327523216633,22.93211472031814],[70.41773831856861,22.92684352400954],[70.4308074715876,22.905817746891586],[70.43089103659221,22.901411175885187],[70.42255115471218,22.886544704374643],[70.41757774371794,22.920741558276404],[70.38478660571738,22.909321903982743],[70.30304765662422,22.758150101146384],[70.25309741531359,22.733174204825758],[70.25488293200178,22.70626747576344],[70.2385250329041,22.701352357925032],[70.25315105897423,22.69266676945594],[70.24318885767966,22.662802934607782],[70.16429734204874,22.55205631244894],[70.03992617165565,22.56285274016193],[70.0231329206479,22.539705037857317],[70.02645075349957,22.55059385292398],[70.01978290106004,22.546670437290885],[70.01060307037554,22.54848384825104],[70.00374722455481,22.54408824447691],[69.97580707103955,22.54265105680085],[69.94630646697001,22.528411030544646],[69.95902085273022,22.50892043123298],[69.95725631722533,22.495399832936045],[69.93501591665134,22.51237285122616],[69.91410625010352,22.456413268957277],[69.87152290335942,22.446712851317102],[69.8365117313314,22.453850507794783],[69.84318613982859,22.49423754192904],[69.83454334739761,22.50044834631413],[69.83310365690838,22.451879263117604],[69.82753825188897,22.45807945730118],[69.82088375078459,22.452039361327593],[69.80423474293914,22.45863294595378],[69.79737091023944,22.45700454712218],[69.82895243130966,22.444883346988973],[69.79730773016777,22.39980304247655],[69.75876605540915,22.44151771067382],[69.74598813074775,22.429275155124316],[69.72881424438194,22.473832845609337],[69.7032927275774,22.446998238577947],[69.67182147508103,22.450290441650594],[69.69771635532564,22.442796349671795],[69.69938731187503,22.396186828959117],[69.6642230752349,22.39360296700343],[69.65416705576516,22.358846902962227],[69.61787593352759,22.36791074268669],[69.61742114996619,22.34640347933714],[69.61437094186559,22.33813202417366],[69.60690414880744,22.325752616090398],[69.60900402081901,22.349049329762806],[69.58215975776673,22.346267342663822],[69.57562363172528,22.318921446767405],[69.57206785714604,22.334216832840667],[69.59128534764082,22.36055505277352],[69.56203734874467,22.355651855448826],[69.55077207117424,22.404751658262484],[69.49858903895304,22.435455918555874],[69.52366721606924,22.38605034354859],[69.48837745205779,22.33811664576666],[69.41909337046278,22.315598726100433],[69.33460891257127,22.33012735829101],[69.32125532647225,22.29221606242146],[69.23255753490244,22.257899641855033],[69.15812945351152,22.312976837211323],[69.17903947798962,22.377723813003627],[69.20431446993686,22.402166604705144],[69.19399130325618,22.423546552831255],[69.06920266127386,22.395858169019306],[69.0438170437217,22.43296444395395],[69.08549821397148,22.472230314877237],[69.06778514356958,22.479907155391004],[68.984834432663,22.4143049719969],[68.93604207028542,22.310341715697717],[68.9576982262922,22.237432241205],[69.0553195480588,22.128445863885617],[69.58771944039987,21.6209653616622],[69.6021397114786,21.637086630243886],[69.71055913009994,21.539469122502084],[69.72007322350052,21.543564439047685],[69.71550476553259,21.553673624638094],[69.72463166751751,21.570662021335323],[69.68636274364584,21.595732450792013],[69.63286685951809,21.64264345213371],[69.69648015533491,21.59296846362372],[69.71736812573855,21.602818846812397],[69.6759098767395,21.63860547546244],[69.72484445610687,21.632225274776715],[69.73761153224652,21.650311350688384],[69.76422977408495,21.57892191391528],[69.71251404308876,21.52943015058102],[69.77525973325024,21.459911942182487],[69.8051668407771,21.463961244016303],[69.77928054366217,21.4552247521207],[70.09845340290232,21.105887174553544],[70.32106852539229,20.927457451999885],[70.61460435350821,20.769967913588403],[70.80437147656241,20.700712323415047],[70.81633400930716,20.71902942616714],[70.827464341806,20.69768595724122],[70.80728220970636,20.700466275198494],[70.82793414584418,20.689970612254058],[70.87409186334887,20.704928040296863],[70.85907244683605,20.75453734412318],[70.8751971724117,20.726573229071363],[70.91970086130587,20.743291139374662],[70.87413775935025,20.709213614716646],[70.97690892200924,20.701545357332463],[70.99774885152831,20.71554124373347],[70.96272385152466,20.721451759091508],[70.9629633427841,20.741434574446117],[70.99879300579263,20.742661833377042],[70.98704266538678,20.721850156959277],[71.0735650059203,20.735241532570797],[71.38384044138334,20.85673892476163],[71.37814545664756,20.87385427965134],[71.43946635718677,20.86919784550429],[71.51482236356136,20.921046018758858],[71.51327312035832,20.94679665584107],[71.60151147887174,21.000423073865846],[71.53025233767531,20.943054080381586],[71.71740591485124,21.020926356566207],[71.80669832197012,21.038003206083175],[71.8008153438532,21.061663150534002],[71.8997008803914,21.109276651896067],[71.97667765574934,21.12102484741888],[72.01110637196152,21.18579041939239],[72.00827062159206,21.132589816866584],[72.11378514726678,21.196447730078717],[72.0761536358817,21.30207157104624],[72.10919511276441,21.28311800998827],[72.22380614243966,21.43947136381246],[72.30595672112591,21.62857603995235],[72.24140846762671,21.787294507335673],[72.18303871126764,21.823985457362994],[72.24579346209876,21.792381048546588],[72.26482832456767,21.740391850803377],[72.25323307494651,21.89711511107359],[72.22019755877037,21.947707414365738],[72.19038605727079,21.936971425590855],[72.14738357069527,21.95483636900329],[72.14671874057754,21.98313105145695],[72.19089603402486,21.942572832270514],[72.22112965570912,21.95633125268529],[72.23115134266035,22.006805538844674],[72.2136498692461,21.99896025621092],[72.20108342196247,22.004111051284042],[72.18023037942848,22.018919825889384],[72.17241036864377,22.041363358132543],[72.20847451728517,22.010877608814695],[72.23281586186263,22.017703413681716],[72.23398315939531,22.05429422869574],[72.27810931199522,22.08023250122895],[72.266254544112,22.10584151757203],[72.27713716015197,22.090858340140386],[72.2995343206525,22.108646154096846],[72.29778313648265,22.06306982041599],[72.24165165420052,22.048759221660816],[72.2784167524313,21.932101845823638],[72.32380390202846,22.13104617624012],[72.31044065990866,22.145783424165757],[72.3126015662094,22.180420041152047],[72.30023384121895,22.18593454364438],[72.29436504810863,22.202141165982113],[72.31726765637725,22.18174064161738],[72.31648993526247,22.146838426951888],[72.34226131430827,22.12462496736839],[72.3578766584811,22.19279885298471],[72.37637913219132,22.149865508086776],[72.39163124558556,22.167876839544533],[72.3625599149083,22.204615473425406],[72.35654175249996,22.2709306474315],[72.39982044695617,22.199388861906556],[72.41678106809198,22.228027224776667],[72.41380953807979,22.29702806489331],[72.37254714973128,22.316908240622865],[72.40429604092961,22.35218262712661],[72.36127436192228,22.371461152810014],[72.37652373328368,22.38503932930169],[72.41251242161107,22.357967138472702],[72.38894557947506,22.310306549507658],[72.4347033504794,22.30123937149986],[72.47082281102402,22.238430142437124],[72.49323713778372,22.24736607068772],[72.48732531031484,22.197289824465884],[72.52555155775835,22.268223643106722],[72.54290485347636,22.280943155002717],[72.54230165479768,22.243080377557476],[72.63528144328413,22.284511208925267],[72.68833327276238,22.23831081409284],[72.75570595236789,22.23077714474948],[72.84407997091395,22.28233635413949],[72.86526775370388,22.24346113162602],[72.89469754695435,22.245680928232275],[72.91004884208056,22.298907518467246],[72.91493344322393,22.303738117120503],[72.93437886239471,22.310766577915302],[72.94330143930998,22.305910944834352],[72.94793581938265,22.298668980489083],[72.95240712179125,22.258194923456955],[72.97907352412395,22.253961324455645],[73.06082642080284,22.313628554314363],[73.04573512057951,22.36311495319262],[73.04939365349443,22.370479226235375],[73.07095634925625,22.39228153196717],[73.06497252026568,22.42363405236972],[73.07375955585891,22.399860977702048],[73.06883955020518,22.384492754636966],[73.0475424530218,22.363381743372884],[73.06190371508447,22.31302380520455],[73.01189804046228,22.267345905689126],[72.97267401229593,22.249750375779314],[72.95203292378054,22.254585504317646],[72.93379867107191,22.30987966021823],[72.91084277617333,22.29672634594411],[72.90112590813422,22.232898473685708],[72.81125915078931,22.246718168508693],[72.75789034356458,22.174033164798743],[72.63944375482558,22.217853069463587],[72.5689505338402,22.187389374220288],[72.50738835329,21.993926048348527],[72.50513982784085,21.909812211864164],[72.51629304898503,21.8745490309131],[72.57766985857725,21.882603168501504],[72.51662445095772,21.862569213198725],[72.52776217498453,21.84773755084737],[72.59352052205449,21.860511422264352],[72.60561370830615,21.901743173408818],[72.61019706714094,21.884670853776953],[72.50803291808487,21.70176875592344],[72.54328417762284,21.660355925385716],[72.73668134217021,21.68942284578779],[72.79484295853584,21.661643743763875],[72.86856174462898,21.68886554221109],[72.97952270490904,21.680274128947957],[73.06723177462683,21.740786314137182],[73.10416615044758,21.73211324243229],[73.13568520550794,21.754286647111144],[73.12833595294197,21.847946166582375],[73.14139246958686,21.866101145851303],[73.15459740134915,21.861886143930462],[73.20151150265386,21.827038049566426],[73.24040126810414,21.840633511927052],[73.21995174867433,21.908063650117413],[73.22300374552654,21.92030775519879],[73.23690104464757,21.93180584926054],[73.25066530705837,21.936827420748955],[73.2637051340848,21.9341137407566],[73.33611476448485,21.87564110735127],[73.34456384204768,21.91836035244836],[73.35631811608826,21.92927491690395],[73.37571597101535,21.929817318714356],[73.40795731567763,21.911623358331383],[73.43369305099353,21.922457813877088],[73.43897795656758,21.97468805331107],[73.45022213424417,21.9830508229372],[73.46409034749163,21.98443281652129],[73.50547301746579,21.963842153892415],[73.53120517707734,21.98024356398932],[73.54678821580367,21.978605151206807],[73.59306263922949,21.94749355288522],[73.5978775024449,21.9378669264176],[73.5924595592613,21.930994630198143],[73.60587942629465,21.89967727688483],[73.67893970000725,21.884704232114643],[73.69540965553134,21.866227864824197],[73.70147240183005,21.84988844409648],[73.67654073236898,21.882692933432196],[73.60459554155105,21.896375417791404],[73.59201991578661,21.920471072082364],[73.58893704430929,21.944874406029015],[73.54019975641378,21.97848606118282],[73.50826323066363,21.961495518703316],[73.44871175254545,21.98053872598149],[73.44402265592086,21.93926441711926],[73.43084120725601,21.916748165695367],[73.40762567538471,21.908511638401478],[73.35741937190662,21.924988507913355],[73.34809660927121,21.880024433580815],[73.33483910584008,21.872797966353176],[73.30075013640979,21.8872159720396],[73.27865314442718,21.904134035457417],[73.26086020433499,21.929149269922874],[73.24539053414597,21.93311774698654],[73.22358942001583,21.906244635481585],[73.24586451013917,21.842490553496276],[73.20148026919921,21.820899963462608],[73.13462495787567,21.849409580287983],[73.14908254182595,21.81456577748864],[73.17543756918857,21.79687500038108],[73.17748820781466,21.784499645542297],[73.15952277145882,21.763327479479642],[73.10256814960056,21.714720845091023],[73.04851472357572,21.711905360044398],[72.98342072998278,21.67692577850198],[72.89210772519144,21.65939974819986],[72.86433661004659,21.66080105292633],[72.842506527854,21.671252608621103],[72.72603952860143,21.638700604849134],[72.70144212275588,21.65173137210519],[72.62857341722949,21.616595029736857],[72.59757494912466,21.552037120216966],[72.62646651251967,21.492231964933296],[72.68332803206314,21.54280900942831],[72.74280047416269,21.546603560306067],[72.67484164252792,21.521040558674855],[72.64563715463103,21.433553814856737],[72.66972756407594,21.44670152635439],[72.68162894292149,21.448585867743702],[72.6903456452354,21.463164329570247],[72.69702577611869,21.464733004424687],[72.5894750360442,21.298385262569894],[72.60980224587709,21.229930758797593],[72.65311884855615,21.226358174989855],[72.6186683174889,21.22222673897292],[72.62715995276969,21.075986742694084],[72.65873336825038,21.087489724571157],[72.65992283856818,21.138671755597073],[72.66738104849665,21.15521454811301],[72.68248426923375,21.158149957754404],[72.73056197185767,21.14097785924085],[72.74704122547226,21.156808852746394],[72.76375865913482,21.163292646338647],[72.77639555930776,21.177794456249245],[72.81415307560397,21.194156527301942],[72.79139947870303,21.233479857709312],[72.79333424597874,21.24176752585069],[72.8113043309302,21.255549311551533],[72.8206193450068,21.257357358955062],[72.85849165886302,21.223152637784068],[72.90970301588155,21.253775358346218],[72.86575114739767,21.221334457719053],[72.85944604909591,21.2221312525553],[72.85208404054609,21.22509253029611],[72.82136750180885,21.254642248141266],[72.81035017991698,21.25275325815639],[72.79264974588912,21.23400974275549],[72.81556427467169,21.194075107180453],[72.74433660525025,21.143071532225434],[72.72900867451077,21.138943671912955],[72.71525204194833,21.140014052206766],[72.7002650495925,21.10085511247354],[72.70654606854632,21.073475956949892],[72.75241267640396,21.062000155282988],[72.77343750024048,21.069475412760198],[72.79522562006647,21.061777353642043],[72.79891204815257,21.04300582435934],[72.77537262454703,21.06717693806536],[72.7233388420141,21.04880392536097],[72.77115893383788,20.91640591630008],[72.77343750024048,20.937220931001264],[72.8244115117819,20.9565516713227],[72.83661186664446,20.957115530957054],[72.84389615038705,20.952386379427935],[72.84728395948716,20.945694446741356],[72.86209344905356,20.947482347532343],[72.84317874949974,20.941599249805563],[72.83798634999008,20.945154071103616],[72.83448004711661,20.95526730993842],[72.83126330345877,20.955943345608972],[72.78585851186094,20.927085757701633],[72.82629764102339,20.813345671065917],[72.8507951501762,20.798424720424578],[72.83525526541817,20.781020045538725],[72.88114070867678,20.741908430829483],[72.89182925191855,20.75076091278595],[72.90838134252496,20.74522304500755],[72.91607975957325,20.75369215047249],[72.93432414494336,20.76287508022091],[72.90967631321129,20.743333935412835],[72.86991345893907,20.732323646219413],[72.85102486580493,20.742513656580087],[72.8975840811406,20.57480335279257],[72.88487195987315,20.499783754017074],[72.82943105709765,20.415364622879167],[72.85503947719022,20.408502102290214],[72.88175690165983,20.371242045983763],[72.88541996445994,20.347709179335254],[72.85479414483402,20.406122445794296],[72.83039641366364,20.409508109111982],[72.7407647373029,20.243627429262517],[72.74822831168737,20.203819632270267],[72.76302742937239,20.2148437503389],[72.7080328466387,20.070553302592884],[72.71663331967201,19.972736716426425],[72.75352275367229,19.94259345502401],[72.75555253072477,19.938806652704926],[72.75509774716338,19.927271127960253],[72.71305024617206,19.969544649266226],[72.66458857080599,19.933175205971096],[72.68135726492599,19.86513185515109],[72.65081477198422,19.83961784858495],[72.69559264168711,19.804651379157846],[72.69377243544963,19.73567867253273],[72.70696723455026,19.732313752078014],[72.7140923742638,19.752094506856082],[72.71947324289593,19.754837154910874],[72.70875251291821,19.72665667556518],[72.6939650774265,19.727523923290548],[72.73783695661027,19.597794771111907],[72.71276164023763,19.595445513499726],[72.71694862827664,19.544564247242278],[72.76497125641836,19.504241109040038],[72.77891206743809,19.52873885651313],[72.78305327908564,19.50516414620843],[72.8274384733069,19.511257768031655],[72.84851324549001,19.540427803800114],[72.89046585541504,19.52704393842707],[72.8649467227132,19.583558559779817],[72.85514473923845,19.63306844265459],[72.85762357746628,19.642413735105862],[72.86895096311653,19.579403042616377],[72.88863134366167,19.560688972817942],[72.89710497811225,19.53113114848378],[72.88064467950838,19.52014791989069],[72.84195125134923,19.520710110383334],[72.82236611800195,19.49087333703497],[72.7770025729105,19.491060852876146],[72.7452764507477,19.4635863305448],[72.76026260853271,19.37234175246992],[72.80789387240438,19.32563650611995],[72.84691381472092,19.34235477435338],[72.87703645197078,19.327715635268433],[72.9034060240688,19.29217040533993],[72.96326184265999,19.304329633306025],[72.98221516629692,19.293015241959893],[73.03064513246701,19.19995641745477],[73.06096303501621,19.205353856095684],[73.06683135058651,19.233677506611684],[73.0820065737444,19.244520425677138],[73.1098126176582,19.235493421284446],[73.10086095307057,19.26727020765405],[73.11297965039071,19.280374646472836],[73.12925195651272,19.283730745477584],[73.15107583967833,19.270277142176496],[73.1112256045781,19.276399612452238],[73.11285233516728,19.233736753048774],[73.07973635215095,19.23982584498681],[73.06521534890939,19.204381108001783],[73.0270625356076,19.190819144487975],[72.96749746783397,19.293849945019005],[72.89971923805243,19.287630558403606],[72.85230863093861,19.318570255812745],[72.78956043706458,19.30897986932557],[72.77820682538479,19.278823136978275],[72.78442525871881,19.19232082344729],[72.83922624619439,19.267401218191765],[72.78045594708433,19.1662448647088],[72.79393804090799,19.130132436862596],[72.79807245727815,19.155898213132133],[72.8297126294344,19.181932211302637],[72.80361592783291,19.140819549282867],[72.82678115342756,19.09404885746892],[72.81616246682447,19.04225945491001],[72.83834636209494,19.03513443480641],[72.81503403169532,19.027043700206704],[72.79219865764205,18.950494646910485],[72.82379794122213,18.93979811678973],[72.80776047686462,18.89105784854094],[72.84486103031244,18.924548029567987],[72.8623938558919,19.002721071420368],[72.90906834632725,18.991132259146468],[72.95562255423752,19.027989149379792],[72.96054685145603,19.065054774058652],[72.94115674508785,19.05836832543791],[72.92223155494244,19.074151754699784],[72.95842456833932,19.068956732767063],[72.98422718083978,19.183314561917584],[72.98149573833777,19.064116120162893],[73.00344276387258,19.00127601647506],[73.08010315863399,19.031761169542406],[73.0722100734362,19.022638559122257],[73.06008517708935,19.018801450526595],[73.07647931616762,19.003228545361196],[73.05939865082715,18.995014547883088],[73.03978645777894,19.004419565210867],[73.0325638054754,19.0011928085014],[73.03179740862365,18.993368625761562],[73.01225686096544,18.977528452875845],[72.97953104971825,18.96279966847004],[72.95591282841431,18.97389042360423],[72.98072135460691,18.94664573651164],[72.9993350501725,18.953371525075866],[73.00144052496037,18.94725990332195],[72.98150491681858,18.936447262631134],[72.94969165304744,18.96264994124192],[72.95720267296511,18.90808021982636],[72.90788090218192,18.899342537228364],[72.94313395047155,18.845743178904655],[73.00478184180858,18.882758736526526],[72.97975003733447,18.817199349170693],[73.01592516861174,18.802814841431882],[72.9759862423713,18.803943633591885],[73.00100886836466,18.781369924482462],[72.98782157860299,18.750205635781526],[73.02690696728288,18.709877252733037],[73.07019066826476,18.62809455432034],[72.98655235730556,18.74037587674536],[72.98345017468583,18.753663659450353],[72.99493300905115,18.780011057864115],[72.94335365304866,18.82761645273719],[72.91636800757763,18.792631149707844],[72.86922550185548,18.804068446002077],[72.85533380551087,18.697089433730397],[72.8707884552231,18.639538049641374],[72.88723886038517,18.64115345506795],[72.90170633777737,18.632812500296723],[72.8843587635462,18.638353347529048],[72.92475962655564,18.54507303259446],[72.96720564322592,18.542569875799202],[73.00938153233196,18.457031249692477],[73.02232337012745,18.460557102928078],[73.0253700016244,18.474504709225016],[73.04039895544744,18.48445844610046],[73.0506477356046,18.48747265344028],[73.0553908347193,18.486307143759774],[73.06305241553665,18.47706842456823],[73.07898128046182,18.473471760513377],[73.09221625317767,18.46298432366767],[73.0421763656469,18.48395752911675],[73.02210092551744,18.45927667607775],[73.01077210904575,18.455147147522908],[73.00791060928728,18.457031249692477],[72.98610746898456,18.496467829027154],[72.97277593606074,18.509228229499243],[72.96727955310902,18.53580844440424],[72.90461647467069,18.53918755076492],[72.8946455715359,18.457031249692477],[72.92625975598301,18.38623595272712],[72.91755437883168,18.34852612028422],[73.02843260777868,18.264269709779384],[73.05455172048565,18.27066552629303],[73.04041433295524,18.293175220759892],[73.04124295749656,18.30225062396714],[73.05024516578189,18.307551145369118],[73.06806075529974,18.304715752929695],[73.08498275235215,18.329841852219758],[73.0879483225572,18.326522946476913],[73.08636403097526,18.287998556688095],[73.04306924315111,18.29839420332982],[73.0806119437863,18.230092048309444],[73.0755083559259,18.199820160472115],[73.05979371041153,18.19046676153185],[73.0907044406575,18.16906201819762],[73.08829820200057,18.15173924007395],[73.05545020076622,18.188405156572756],[73.06914317571713,18.222267150608545],[72.98178517794375,18.241979241249112],[72.9655481576215,18.279523849346248],[72.93540310836684,18.281249999987608],[72.93164384328887,18.21944832817786],[72.98782527481663,18.194438933909723],[72.97262084527588,18.12458515158349],[73.0028872490474,18.07554662227885],[72.99393832649261,18.049983858967934],[73.01607763787277,18.032318353709144],[73.0251306299746,18.050078034173964],[73.04028475323886,18.053002834513308],[73.02932262453956,18.027769804033298],[73.00224924120957,18.020999551188382],[73.03753054170127,17.984098434095557],[73.08331441912529,17.993520617682407],[73.11223185061945,17.981457829415305],[73.13230288047365,18.016523837605064],[73.17019510262199,18.05818235842912],[73.20134294002477,18.07088911524049],[73.29941284632596,18.07721543304585],[73.31160044700309,18.06231117292235],[73.34635674936456,18.087182402545892],[73.34681534785008,18.09369134927647],[73.33429765731111,18.098858118107728],[73.33272886284684,18.1065567734764],[73.35354304297712,18.09104585678091],[73.34178364280095,18.08193814722779],[73.36329507810544,18.090050339651555],[73.3849698302935,18.086972117669177],[73.38986432577818,18.08507084834106],[73.39460182211647,18.080582142252112],[73.36181557193126,18.08786034567845],[73.30788040135948,18.058383345215262],[73.29860222351383,18.074135065281155],[73.17635726897291,18.059260010641026],[73.11871457132057,17.978605747357406],[73.04848194148852,17.980917930418244],[73.0286084414266,17.949057459434286],[73.09236943739975,17.940430760371356],[73.05256974689641,17.928795338034547],[73.05068063730167,17.90650618071578],[73.07659447165761,17.896385073712267],[73.09048104276596,17.84376525875976],[73.09667146221827,17.845344900846584],[73.10204517854228,17.844395637648674],[73.09686172009245,17.843726634676543],[73.12499999965038,17.836774468766734],[73.128758311447,17.83464252962915],[73.13255894174185,17.829803943197447],[73.08757972732266,17.838322878298257],[73.13514971768532,17.71584367734397],[73.11395180223391,17.689651847255007],[73.14504921464962,17.600475549806887],[73.1675465110628,17.582234143890716],[73.21549224896827,17.592007756452915],[73.23834884162588,17.572958708077962],[73.26833605806277,17.60069394117251],[73.28882265114456,17.606613159269955],[73.3427571058559,17.570799470019566],[73.39942693670386,17.58590722064183],[73.43356251709659,17.583587765662898],[73.40117156481588,17.616958737056137],[73.4765624999595,17.569754362473915],[73.34326255362399,17.566875458135968],[73.290909409242,17.603720069026053],[73.24270164936163,17.567448615860982],[73.20481455334905,17.58674240124091],[73.13737297038634,17.55681061721633],[73.18395590803883,17.505540252081047],[73.18613517309981,17.441859603338074],[73.20570075518586,17.43868815943111],[73.16717934575033,17.405341863636153],[73.21642577672836,17.370578765997337],[73.23501396212478,17.29278147258701],[73.29464852770744,17.294110656181928],[73.29794991016027,17.272314428967803],[73.3341983559695,17.26625955083773],[73.34047114882449,17.257773518333295],[73.33917415106632,17.232352852402286],[73.36625075306986,17.238242625796616],[73.37488734737329,17.21515131008499],[73.43281865096,17.227903008716936],[73.42411315419875,17.208574652498285],[73.46848416341342,17.19447243205711],[73.47859740224848,17.165176749307648],[73.46679484810383,17.193314313904523],[73.37547934049931,17.211968541015437],[73.36230444879132,17.23595714540599],[73.33867466490395,17.228440642321857],[73.33245563531946,17.26459825030912],[73.29407262794959,17.26147460896611],[73.29041910156045,17.28784573059606],[73.25983035558656,17.288126945901865],[73.25835430640618,17.26480686694339],[73.19161784678633,17.304764866905188],[73.2981718781297,17.07783985142811],[73.27866077427544,17.040336846868044],[73.28986442130608,17.04736256563001],[73.32001626493869,17.03778660336917],[73.28465855085145,17.0398889781939],[73.2931102517368,17.022163272317187],[73.28876376173824,17.00673365613335],[73.28994047607213,17.021534204639863],[73.25646007067579,17.04780471281731],[73.25740766563135,17.019738674000678],[73.28426027259363,17.01069951077386],[73.26857852967552,16.990501404016683],[73.30417633037345,16.983720779290636],[73.31755673875253,16.96054625470596],[73.33234560506568,16.975794672785995],[73.3445081713152,16.975041031918153],[73.33310985523568,16.97501862081282],[73.32317185379807,16.958761810908882],[73.31134045120095,16.958228826798972],[73.29496872412747,16.980630874215535],[73.27718114849122,16.89301860302615],[73.2954443692623,16.89760100857974],[73.31331145755783,16.889327764664642],[73.28610312915615,16.880729436514358],[73.29559540770194,16.81656753986009],[73.3311035630791,16.81929421415674],[73.36336302728196,16.747065544439337],[73.32644057287419,16.81279897669144],[73.30529594405274,16.76688063173583],[73.31740117042781,16.698519825629504],[73.33983910079397,16.68514215928326],[73.32283163037553,16.638903141267008],[73.33356487711754,16.619223356073093],[73.36832046541716,16.637820839560163],[73.38765692722544,16.632904648830547],[73.39519774887717,16.61791884897582],[73.38509714641631,16.601032614363703],[73.43615651171373,16.59454512635655],[73.39794456978612,16.590996504085496],[73.3805383444691,16.60316252732882],[73.3676121234009,16.630060553651717],[73.34058856970685,16.60627734632257],[73.35196435417166,16.594841837880608],[73.32036030328541,16.606705903854433],[73.32260763623358,16.583362460509193],[73.39390790432643,16.55395972695986],[73.34608614426023,16.556298733200023],[73.38541793818743,16.513884902366414],[73.42159950771125,16.515874504904517],[73.46678924532753,16.494449138317137],[73.4952635763531,16.52030634865916],[73.5226366515603,16.525127052971172],[73.52993631371007,16.522589444947016],[73.53437912469693,16.517810940422677],[73.46709132220687,16.49305236347584],[73.45132553584492,16.494093417777094],[73.41680395563813,16.513249159021598],[73.36704075352807,16.512983441732544],[73.35014724699786,16.50462710855423],[73.36329305193297,16.47962975530902],[73.36903655509306,16.491148353014182],[73.38731872997548,16.493771553114783],[73.36556446512807,16.474963068890574],[73.34923875366567,16.504714608092783],[73.3640328648249,16.51577568020356],[73.33353745948617,16.562135100354652],[73.31650555089053,16.513457417725746],[73.36492216572546,16.439320206762233],[73.36617255252142,16.397233843367303],[73.41354846918651,16.413207411792698],[73.4592791795906,16.413825034697695],[73.3667184113257,16.37780785584792],[73.41184723336326,16.360146522544085],[73.38874435416878,16.361141205102626],[73.38571572260261,16.336716056300972],[73.41077315775519,16.27778780476345],[73.41718137232252,16.292015552575705],[73.43573474855984,16.286424636487823],[73.41137647604367,16.272974014439313],[73.43014943614767,16.1988718509552],[73.44746565821364,16.22423696486412],[73.460998416244,16.09729397263881],[73.45863735682863,16.135251044899917],[73.46527004217884,16.153795123046564],[73.48999321461523,16.17970192470409],[73.53669166568798,16.191725373027538],[73.46553742860951,16.144652247303497],[73.46922564544732,16.133567452875724],[73.46386444588748,16.125092148383985],[73.4688549044304,16.095651269190782],[73.45719122899212,16.080960869648536],[73.46788394418869,16.070027351081478],[73.45515036599673,16.055136918933727],[73.48320877586443,16.035845756876256],[73.49167537671738,15.982004523190312],[73.50263357178207,15.96862781012544],[73.49186670748273,15.988133311203399],[73.49169003926394,16.00209331555412],[73.49475681737331,16.0072504283646],[73.49913012965189,16.010337829727177],[73.51594662633582,16.01652777163946],[73.58760631118233,16.02257084886564],[73.60788393059906,16.009333134116915],[73.6265244484446,16.021757126090606],[73.60913872677091,16.008087635136334],[73.50115644971046,16.00591933730759],[73.51026141633136,15.937018156462784],[73.59054625070897,15.91229224199347],[73.63703441600566,15.814846635164201],[73.65281176585037,15.79430186763716],[73.6632933615995,15.807445764210698],[73.67484235728907,15.753234148337341],[73.64840280984188,15.745802044828551],[73.68332207205614,15.720122456885974],[73.74164962772826,15.73697614683175],[73.7614543440429,15.734359144858672],[73.68967151682708,15.716913103856683],[73.73617994744674,15.614118337591307],[73.77739405659045,15.653980851135486],[73.82304000858963,15.655347942953284],[73.8389321568936,15.648349762331705],[73.84011065997905,15.664987445014646],[73.85917556250232,15.677386522170309],[73.83981955033207,15.646282077056256],[73.7784261707312,15.64961707616726],[73.73110711550103,15.607899546327047],[73.76438522379911,15.495141267555525],[73.86730194083194,15.510952353668245],[73.89831316492078,15.544810057038532],[73.90817046209716,15.54940080650212],[73.91167175754558,15.549178600212315],[73.92820990056649,15.537722945157881],[73.94932281929269,15.55025875523738],[74.0183869599903,15.49759495264503],[74.0286151168942,15.48071312920763],[73.94957530485644,15.54906141765035],[73.91600584949046,15.508148670424902],[73.88995254017769,15.499999999700321],[73.82131445419887,15.50063431222381],[73.78711402459268,15.463289618920811],[73.89673423779485,15.414977431563287],[73.91455447680781,15.41372334945305],[73.93086671822462,15.435049056768662],[73.94251394236463,15.438252449091351],[73.92399275286326,15.412040472390004],[73.96029424698204,15.412012219288556],[73.95885181445973,15.374284625235347],[73.98135995849535,15.373590350414418],[74.0149277447197,15.338879943154865],[74.0121684070464,15.30561935904619],[74.03874003882183,15.307438850322768],[74.07059037714433,15.294336676896208],[74.01232624076354,15.30304813346467],[73.99457633502996,15.325088978073936],[74.00460255186644,15.347572445611988],[73.97895216940717,15.350563525986033],[73.9577479362184,15.372491955339527],[73.94763815437747,15.401670933067152],[73.80983436096702,15.400986909618254],[73.78300273428883,15.412920832230682],[73.83781957591285,15.362192273554655],[73.87549352630535,15.36793863745821],[73.94961094858652,15.143852948954489],[73.94554281225109,15.171134233058453],[73.96622776969585,15.182133555019618],[73.95402014291537,15.140126824793185],[73.91196155508183,15.084131240864153],[73.96691405763775,15.065495252903688],[73.98913454991961,15.020189046787152],[74.04989266371555,14.988174319589262],[74.04301321518776,14.918342828758625],[74.09854400160455,14.894633531312493],[74.11690771621821,14.843779444365936],[74.19874501247247,14.879827022998754],[74.24568474265683,14.872229814754206],[74.2508970495592,14.879272818485902],[74.245624542039,14.889950036564997],[74.25106763836087,14.900074720172242],[74.28493094450758,14.893558979063712],[74.3212250470983,14.906837463678059],[74.33501744300074,14.904352546033252],[74.29133820489429,14.890715241815016],[74.25140035154513,14.896143317659991],[74.25325763233403,14.877952814270984],[74.24129903322395,14.865244031287133],[74.22684180720373,14.860073566242136],[74.20316433946286,14.873608231734593],[74.1418341399337,14.834832668492894],[74.12735164206478,14.839601755316835],[74.11352205290044,14.796914935276163],[74.09286344019566,14.803226112994821],[74.14295566107492,14.776817441072126],[74.1532486680916,14.745998501929378],[74.16714131861713,14.76615512385996],[74.20535802875017,14.718060851227364],[74.2069226503601,14.737276553869947],[74.24981915992643,14.739238977097159],[74.29173040373522,14.60178017621422],[74.32925474650946,14.611260175416845],[74.38774704898728,14.598802208854934],[74.39759254436055,14.612664103465676],[74.42761516530774,14.632631302092989],[74.39000833042022,14.596414566379195],[74.29107797167106,14.597424149804766],[74.30966615706765,14.520796537130536],[74.35587000889396,14.52206695092913],[74.33580064818145,14.56486690028727],[74.3541139360095,14.542777776473287],[74.37647497613935,14.573087334213199],[74.38901436372194,14.505677699666165],[74.4342395067479,14.473711967533347],[74.4369883538296,14.455343246393738],[74.43399596224398,14.444195866346249],[74.45154821857548,14.452111005618434],[74.45658433479926,14.449079274988605],[74.43156290040761,14.443579078012064],[74.42072832615136,14.480555534010762],[74.38929200152475,14.473483443506169],[74.38172125852938,14.481167078398073],[74.37875604625461,14.49678623659564],[74.36918604380102,14.50156664858207],[74.37522804723673,14.52438402180519],[74.36076474179944,14.51969897752582],[74.44038844137359,14.275723815202],[74.47353541862483,14.279047965791108],[74.4586662050813,14.27367734943013],[74.4623938796739,14.267879367139145],[74.47869813421161,14.264858603741686],[74.48951911971162,14.260007023905047],[74.52910161045102,14.235430121702791],[74.55372834228925,14.23942720889869],[74.5752670765144,14.238281249580055],[74.58231365684989,14.231089830731193],[74.61439371080112,14.238281249580055],[74.58365094693372,14.22913944762746],[74.52712512002839,14.23326885657255],[74.44017231450081,14.261731147474563],[74.42453980406881,14.296387314822795],[74.51474261288129,13.986268639286308],[74.56973934139765,13.94676256214261],[74.63312864307247,13.849293350807613],[74.60670626188457,13.86597514163951],[74.65113902124895,13.666414141599475],[74.67109870873858,13.6392395494657],[74.66986787320386,13.663500904743003],[74.68549954906504,13.694353223122818],[74.66807615748868,13.715930343110884],[74.68617355856301,13.697147012025084],[74.68731284131471,13.688150048585939],[74.703366756071,13.693887829359909],[74.7111643548512,13.692315459191178],[74.68112230315191,13.678481936392345],[74.68378496190647,13.650639653397306],[74.7003452777125,13.653118372015314],[74.7177134751968,13.642729878581122],[74.72255694854445,13.634954929226652],[74.74566781551741,13.642342447945722],[74.7555928226507,13.640472054142066],[74.72463214405835,13.633341312551622],[74.70796465874216,13.637818456056976],[74.70408654196049,13.619522452299435],[74.68852412738661,13.639269113778653],[74.67832064608106,13.605272770022452],[74.66782665227831,13.62831270656622],[74.69090664372672,13.459377646661125],[74.70889151083466,13.437309622740983],[74.7160519363479,13.440312028277617],[74.71554183998407,13.457776069210297],[74.7189296481848,13.462828755442814],[74.72387695275918,13.465945959438542],[74.74796521642176,13.457186460187003],[74.71866714956943,13.461087346004291],[74.71904623539555,13.43960905071718],[74.70422935520068,13.426265955209757],[74.74063444132653,13.406541347805017],[74.76021587846017,13.382392048953989],[74.69843494861405,13.414254427399953],[74.69380986663211,13.446648835775193],[74.6952967643343,13.347695469670256],[74.71115851375455,13.341649174669769],[74.73592293269732,13.289765477295006],[74.7290364505719,13.277060151304951],[74.72462153475604,13.278970718723713],[74.72184264672089,13.284321546402339],[74.71975123912844,13.304789900333674],[74.71316134891723,13.33043634915822],[74.7052180770527,13.341102838325341],[74.69055592971247,13.348705768956094],[74.77364492397416,13.083158254849678],[74.77865183381513,13.099137544761916],[74.78303003300968,13.100810050843279],[74.78974688051429,13.098487735120983],[74.78410780393207,13.058983564539929],[74.77460515530382,13.077728033222215],[74.80244457755529,12.93141818030486],[74.82095169986118,12.928765415891306],[74.80717575525696,12.919576168405527],[74.82117235661909,12.852441549238208],[74.81435060499658,12.9083647728161],[74.83642315880181,12.944206357237647],[74.85348975694674,12.950537204928168],[74.88914656666086,12.941268563493452],[74.84614837165017,12.947620034437136],[74.81856274617385,12.91336345655833],[74.8408752678794,12.84383761921083],[74.9091416595601,12.864971518221026],[74.93745136249052,12.858844161029253],[74.94813132260262,12.87128794168521],[74.95867931799629,12.870827555347446],[74.9659909006597,12.856119275484232],[74.97661030312312,12.864088416347442],[74.98714411261082,12.861706733678929],[74.96302795377719,12.854704618523414],[74.95024383098811,12.869947910467744],[74.93814384945918,12.857930540661982],[74.89898943871177,12.853471637206368],[74.87411797076786,12.8346010449024],[74.82874727246875,12.842684626294485],[75.12021350874656,12.203298211443382],[75.11599326108026,12.222536921441801],[75.11921441591258,12.230930566592463],[75.16629946215053,12.25639367063144],[75.11830782914316,12.224536657540739],[75.12932741642717,12.211374640527296],[75.16318535811794,12.136455058953871],[75.16178774870573,12.11878144720609],[75.17134356525347,12.11478614786256],[75.18179357051699,12.095312356879845],[75.1915725466358,12.10170423975893],[75.18700540077865,12.12890625042317],[75.19207501405069,12.132308364139774],[75.19718897379212,12.116770743874795],[75.19288897514619,12.100983023947492],[75.1728097200926,12.085852742610086],[75.18890905420963,12.091001152681145],[75.22023856635687,12.069703340536776],[75.17909026150639,12.081098675363634],[75.2004958394115,12.00746607759747],[75.23163735907698,12.023825764547496],[75.29525220352642,11.942140460014329],[75.30486154592367,11.949048042033596],[75.26517713052019,11.9986796382548],[75.26499235671193,12.016618251431282],[75.27112245593676,12.0244865414208],[75.29592621302439,12.015223502762467],[75.29263532206252,12.027776241680286],[75.30777382859938,12.046551704597576],[75.30722522776219,12.031531333904027],[75.31479334833446,12.044083953211938],[75.33903777567289,12.045586108811932],[75.29943645043195,12.013292312989918],[75.33160984501845,12.011388301628898],[75.33366274813741,12.007176756702052],[75.26548516720683,12.007116556084313],[75.27881407770766,11.999237537182651],[75.3079208137946,11.949337720859234],[75.30495965476436,11.968842744397236],[75.35713934870213,11.931210636761563],[75.41132664690733,12.01586556474409],[75.44307982877123,12.02247607730925],[75.47078347227952,12.00206422778193],[75.41238892071217,12.011039256756334],[75.404824137524,11.974239349366528],[75.37367725340258,11.944520353931281],[75.39922881116073,11.912655830602205],[75.37223994701603,11.938426375077213],[75.35866415462712,11.927289843551463],[75.2971620559841,11.939102411647056],[75.45433211293673,11.778592228548632],[75.45975530186584,11.807204008358383],[75.45966887431914,11.765642046843055],[75.48655664927006,11.791693448693735],[75.47510075589528,11.799435258030812],[75.47473585597513,11.803334474706304],[75.49998927138782,11.797843337500126],[75.47193205312178,11.769425750098307],[75.48794615309251,11.766245841772232],[75.49262690580716,11.75804674606053],[75.50727725044479,11.764456271839535],[75.50753343132286,11.761465549395623],[75.49127280739421,11.756436228449246],[75.47234332568408,11.763363838370523],[75.56077313457254,11.696874618568799],[75.52994275065751,11.702365755775062],[75.58831942100457,11.56905663005952],[75.58579504470563,11.586216450129129],[75.62004971512235,11.565109849140285],[75.641414881092,11.534836650091378],[75.59317731857848,11.568630934170315],[75.59933722043641,11.544047117080822],[75.59037589982805,11.568603038999086],[75.6178569791164,11.47641241550069],[75.68166184401892,11.449204921669818],[75.73296582671153,11.353028178207907],[75.74906265711596,11.419291138475316],[75.72497713548657,11.428348660462333],[75.72887206059718,11.448631644334966],[75.75306224802446,11.428916454630723],[75.733989715653,11.334658145856807],[75.80244970349113,11.162386656019464],[75.84043157096036,11.210535049852737],[75.85506093531407,11.210130334247609],[75.86346054117112,11.205714464251187],[75.87689542778182,11.223768115106452],[75.89597904699556,11.230653643950603],[75.90039467777231,11.243697047580753],[75.9523574111657,11.249856948539403],[75.90103507061204,11.24109685393671],[75.89724004309349,11.229386448825593],[75.8792653086472,11.223045230153303],[75.87109422681723,11.204821110106224],[75.8431687358486,11.205459952514886],[75.81253194809105,11.161978721740667],[75.82812786061228,11.158243178979589],[75.80171215509196,11.158903837142432],[75.82502555838286,11.125392556221541],[75.84614193410314,11.143617034198854],[75.85123527059127,11.143840908731008],[75.85812211064697,11.138572812385448],[75.86177265668286,11.129322052171062],[75.8480665687172,11.142502546655265],[75.83568155785767,11.126421332078849],[75.82530534286732,11.122924566515607],[75.91015970720483,10.792922973216662],[75.90412604767906,10.841061353998299],[75.91368615669089,10.792971253320758],[75.96403396129844,10.819791674446279],[75.94675123717988,10.796346426046782],[75.91325974494143,10.785923003843635],[75.93585777261828,10.731446742673128],[75.93882024286009,10.759382963453106],[75.94287383535928,10.76203751571883],[75.93750000032489,10.727678537434628],[76.02334511268683,10.536056280273215],[76.03956365553839,10.509792566473891],[76.03110754527714,10.527854442528607],[76.03247332588344,10.537310957734618],[76.04838085169504,10.535442948033733],[76.0366015432268,10.567149401124055],[76.04177343819376,10.575452328062568],[76.06779956819562,10.544026374417697],[76.05334424963749,10.536842942447905],[76.06263780589015,10.533839940660755],[76.07394504582729,10.512871742636918],[76.07616424528376,10.504775047330611],[76.09233212482783,10.509422421707413],[76.10809731493916,10.502950906559121],[76.08478164715532,10.50403583068912],[76.09422683719882,10.474484801632372],[76.09309267968356,10.462723016454106],[76.05969333647838,10.533928156059659],[76.03471362613303,10.529581308130943],[76.16335880746303,10.182157635366679],[76.1974374059117,10.200085163499537],[76.2113784552516,10.195312500071879],[76.21433615728799,10.201911807084286],[76.22112822498761,10.20559596977823],[76.18372821798292,10.265444040710008],[76.19232737980482,10.269920348745174],[76.21629691137346,10.21455883991861],[76.22302854103444,10.244251251394203],[76.23449706988387,10.229946255415413],[76.2441213131481,10.2509952782096],[76.25627076638293,10.252952218270352],[76.23369657973345,10.202696919727089],[76.21466875086233,10.199667215269827],[76.22421765342202,10.187083125086232],[76.2438498734729,10.179373740805588],[76.29351556299295,10.138295650523915],[76.31528711281007,10.15046227001784],[76.32378864333131,10.152838706940827],[76.32949542987026,10.151756167812977],[76.3617421389886,10.113768338737884],[76.39040315128446,10.124970554947197],[76.45147466622288,10.1216793060552],[76.45607161561273,10.13312137145418],[76.43018794092077,10.144431352524975],[76.43144142588116,10.155648707921614],[76.47105371925389,10.182968735718632],[76.51438713116127,10.191844821281535],[76.43450951610143,10.154967427404898],[76.45772075640795,10.134085178488277],[76.45036697395679,10.119361520218078],[76.39014887786854,10.12213754661056],[76.3713916541017,10.111012458957859],[76.3501061204012,10.113866210157568],[76.34403133397902,10.091975569417116],[76.33128452316228,10.081164717477847],[76.31170952337587,10.075796603930215],[76.3043894771927,10.075802445026895],[76.30068993609169,10.077770471929853],[76.29379904279168,10.094334602659899],[76.28527367124306,10.09448361402768],[76.28672111029115,10.081788540308935],[76.28068840494595,10.048013210341423],[76.26898765585568,10.041126012355633],[76.28711354745232,10.026371240240607],[76.26675367334346,10.029066324051655],[76.27621054647969,10.001988172516235],[76.27030634885901,9.989189624601522],[76.30419707263687,9.925441741643098],[76.30052614256752,9.936827063418235],[76.30425834614587,9.93616545197412],[76.30509305010426,9.945254921477499],[76.31167662167886,9.94813704448903],[76.3189270495437,9.88871336003362],[76.33542323109734,9.884029865286124],[76.32934725307334,9.902910232321432],[76.34329044819563,9.885146379901641],[76.32396912557479,9.914471269033925],[76.34022545793866,9.919303655539352],[76.37734425053677,9.864400148048489],[76.39502775662581,9.81821191294948],[76.38161051291499,9.826775074010513],[76.36807405957026,9.790760516684543],[76.39034736184144,9.746508478783298],[76.38286256795325,9.703531861206528],[76.41397082799145,9.696300506163496],[76.40273165684053,9.647655010270611],[76.42138802973395,9.650127529861635],[76.43012285248776,9.610850453385794],[76.41609036907542,9.565966605774321],[76.5021208523955,9.530876755657815],[76.48039972756553,9.51115322114427],[76.47899031635015,9.528772115440859],[76.44194138039055,9.51120495824226],[76.38333964390952,9.526172280626326],[76.38295710108937,9.506384610961106],[76.35737276034476,9.52541184448107],[76.3673064711169,9.61086952710707],[76.39800202867079,9.675285815887733],[76.36110901806686,9.699986577218809],[76.35990142820847,9.798069476924866],[76.37079167409664,9.819986939046075],[76.34925961463964,9.82784974586913],[76.32076823696471,9.870884061250479],[76.31852447972105,9.84374999976275],[76.33623051652515,9.80905544755096],[76.34777975053512,9.711843729204844],[76.32193446160616,9.807643174692842],[76.3168927435054,9.84569430344942],[76.3194396496202,9.875980019262585],[76.29579496396653,9.889697313680173],[76.30275130273057,9.847286343589943],[76.28483831843371,9.832784175749211],[76.28742277664,9.898548841455906],[76.26985216154813,9.866231680347823],[76.25761735455731,9.915596962130167],[76.26568245847884,9.896763205157882],[76.2665138241538,9.912373304484461],[76.29652297505535,9.892938852546123],[76.29537570452524,9.918092012436531],[76.26581215870422,9.934391855799575],[76.25320935272961,9.969575643701006],[76.2369382382092,9.962670564494985],[76.35227465655024,9.37751317009679],[76.46166825318736,9.139528155400143],[76.42284393320105,9.245642543268815],[76.47101664560174,9.142310142499142],[76.47605574127945,9.166484236558375],[76.49054014661058,9.17009782765274],[76.4839359517828,9.12672376638875],[76.46363580255033,9.13421571258516],[76.53546941268334,8.93565714366234],[76.55355584652514,8.946754336143727],[76.53424155750199,8.960100531614273],[76.56773185723958,8.985811114691217],[76.55719017958327,8.948974251460626],[76.58558094470496,8.994516968483396],[76.60693955461679,8.988404035517888],[76.60856485348532,8.953451633286363],[76.59836375718166,8.973655342819924],[76.57033753405008,8.92902731905562],[76.5898033381537,8.944182873141187],[76.60085535049413,8.937433719290823],[76.56618857384373,8.920895219239057],[76.57994174941237,8.904044270426823],[76.61883985967191,8.931211232712286],[76.61482024176078,8.90773606296898],[76.57156670134228,8.896635055563408],[76.55366754502128,8.941313743534494],[76.53534066663858,8.932863354760073],[76.54633915402874,8.902825475015746],[76.64051055951481,8.825601458940255],[76.97498595713623,8.385179877249598],[77.31631576975704,8.120818972717515],[77.55123186146133,8.07664334751253],[77.57604110261488,8.13557255233151],[77.74619245511772,8.17692625514269],[77.80399584812997,8.247702717606359],[78.06705367548685,8.370637655403584],[78.04975545425097,8.380608320217902],[78.06554257882712,8.420091747935885],[78.13035380848149,8.497081637207827],[78.13867461664032,8.58899092668996],[78.12795495955382,8.63831233954292],[78.12259137589135,8.598359465716825],[78.11097598055719,8.612160443849476],[78.10200107119257,8.592687845367891],[78.11292052256422,8.585787415656796],[78.12885165198222,8.60205960306827],[78.13598144029137,8.592559337643351],[78.114619732215,8.579816580071196],[78.09662973897136,8.58130824597879],[78.10510122763961,8.651410341014525],[78.11658775821857,8.661130428626478],[78.12263524572009,8.662135839197717],[78.12787163286967,8.650846243059775],[78.1665591003223,8.741511106452435],[78.19428634653778,8.75247132768969],[78.21637380121004,8.742522001089498],[78.22336494913313,8.74592864469129],[78.19818556321329,8.763078808740104],[78.23030531413903,8.749022245080567],[78.19881570378178,8.788635611344432],[78.19114220155146,8.765527248084098],[78.15779364126362,8.771042346826945],[78.16917514811476,8.882439255267514],[78.26104366773117,9.018685221445878],[78.2884882687188,9.015758156613671],[78.36582195801705,9.092189669417792],[78.48098075395879,9.127101063463314],[78.48915147785848,9.150194049216026],[78.4890960454463,9.133258461608804],[78.48445737380891,9.12784695667176],[78.57810962226128,9.13120782388198],[78.65703403958926,9.157835841351115],[78.6572034358899,9.191679358815435],[78.7182523014026,9.190071940267913],[78.83230805367387,9.243255972784908],[78.8289165492595,9.25450122335279],[78.83268213297421,9.268888354414045],[78.8345319035246,9.245032549312754],[79.19056582495298,9.281629920384532],[79.06559085873127,9.299415707269148],[79.00099563633964,9.345016360416793],[78.99670302832217,9.340594649323691],[79.00238406637166,9.333115816142055],[79.00169026819142,9.329216957396781],[78.99929380426582,9.327576756762],[78.98749041555024,9.32731735721029],[78.96667683167053,9.335851311888604],[79.00168549998594,9.330757856689829],[78.898220062506,9.488674044271818],[78.98177385338064,9.690305828651148],[79.12183511240065,9.8547358516783],[79.15533185038473,9.932213544919193],[79.26728880443491,10.03830564039309],[79.2286918159746,10.091965556365395],[79.22901284696545,10.143605351305993],[79.29488635042489,10.260356426607913],[79.38578534152046,10.316598654104652],[79.51209795485678,10.309038639121908],[79.45713031311354,10.320342540775727],[79.48658013336663,10.32603240027511],[79.45518744024824,10.336355924886092],[79.45609927186408,10.342042446102056],[79.52390801923977,10.318295002112748],[79.54574513413078,10.347866774032482],[79.58729696298454,10.329383015214034],[79.52623641527842,10.305661201903021],[79.67419731645307,10.281000375866753],[79.73916363689241,10.277505158936023],[79.68292796635265,10.29011881343257],[79.67357194409001,10.301152348302239],[79.66256344274885,10.289150238193002],[79.55573666051853,10.308344244691142],[79.55125546466806,10.312358021505531],[79.61356103381482,10.317416548834728],[79.61051905181287,10.34124827368889],[79.62995123835898,10.362920403453984],[79.63646292712255,10.318219542697776],[79.710164308636,10.324994921678382],[79.73056852831505,10.311046123779704],[79.75734567676162,10.313586115906546],[79.77828824500662,10.302412151899318],[79.75712215926038,10.311985254316141],[79.7849807739436,10.281045437297166],[79.74329245048628,10.275143742489817],[79.83538031564919,10.275419950370477],[79.88297665075189,10.302353620423304],[79.85145235084539,10.826069713046905],[79.83192813397628,10.818972348894874],[79.82394611841872,10.81763911205546],[79.85286211999099,10.837478041278686],[79.85581064264707,11.181668400376452],[79.84763240850899,11.242650747534071],[79.84564471253353,11.23228883716024],[79.83956146259143,11.228928804520748],[79.8337713475697,11.234071254784666],[79.8142074346255,11.230463743107293],[79.8046875001281,11.236049056418878],[79.84641194305684,11.244128346246256],[79.83789694338932,11.356099247882028],[79.78998267635959,11.367853879852746],[79.77150213711391,11.383844256607262],[79.75835955175197,11.361030936628467],[79.75489687948752,11.358461856829265],[79.74367463627553,11.35781908078603],[79.74344778049081,11.348023175828956],[79.73939204220906,11.341823219965761],[79.73021721805034,11.337684154100515],[79.71348404894971,11.340545177218218],[79.7658914323438,11.390381455539838],[79.8274018766954,11.362869978266914],[79.77975165871223,11.500180244422836],[79.72706615907614,11.447028875282385],[79.69205641786945,11.446305036148601],[79.72697496422333,11.448971509827345],[79.7730412485549,11.497733354610645],[79.7568711045179,11.61718165860674],[79.77419793588606,11.696268677857233],[79.75324440040887,11.661203146308239],[79.75201082194192,11.664759159207932],[79.81958293880169,11.86885964915355],[79.78957331215875,11.878151774584794],[79.82377064270102,11.882049441728398],[79.88288283347615,12.060735106839772],[80.00719344622067,12.25430214432862],[79.94486594170999,12.220207572121794],[80.0111572746886,12.272582053818809],[80.009412050326,12.256485343024224],[80.02101993542172,12.281948447063286],[80.05010402208305,12.324639678278587],[80.04035782805138,12.313591241642513],[80.0580724479851,12.346171378906021],[80.06335282367397,12.351178645777921],[80.01375937489539,12.322781920848996],[80.01730895044781,12.34022855720221],[80.05789947508075,12.367137670367228],[80.06419873228575,12.34999787819963],[80.05102384057793,12.326262831364659],[80.15561354123199,12.465779542791694],[80.18477964426532,12.574957608806656],[80.16167223428627,12.58537721608569],[80.16529452812009,12.603920340951063],[80.18160545832538,12.609429240667026],[80.18563711635997,12.577893614698667],[80.25462007525638,12.782011151293702],[80.24678003746888,12.802560448705833],[80.23220145693179,12.78472757331889],[80.23291277930142,12.846121549170206],[80.24796104426693,12.805078268047737],[80.26705765688544,13.01272296908978],[80.33388245061465,13.234797358911052],[80.30642974403762,13.215009927566129],[80.31401324301683,13.246328950021052],[80.3339507577214,13.239517569380382],[80.34696567082906,13.311994552706494],[80.32558131242777,13.443576454889566],[80.32609212375266,13.429556846171636],[80.31951534745534,13.423701048264874],[80.33114063713086,13.390955328725568],[80.33159160576812,13.376367211777449],[80.32720684961654,13.369846939884468],[80.32899951951228,13.366400360987967],[80.3245371581634,13.370161413918126],[80.33032345736174,13.384466648217298],[80.31649518030846,13.427850246791508],[80.27813267748118,13.435430645807728],[80.26856923108531,13.417288542132567],[80.26213765123171,13.472919344852002],[80.11567401874103,13.507563233756287],[80.05126035238337,13.58881354341041],[80.09509551494617,13.647519350337816],[80.07940173190448,13.655689716307378],[80.12113201592982,13.677960276545562],[80.10898220566438,13.642128109824512],[80.1385066507614,13.612932443377588],[80.13018035853682,13.723356008373116],[80.14729273307321,13.72408854934713],[80.14217245559442,13.704377651207679],[80.26432216203827,13.560894608499439],[80.29306244867323,13.44710314269598],[80.31499826865533,13.433633446926109],[80.23606336073559,13.641714811089727],[80.24486374856329,13.818881034732087],[80.14072072498155,14.069735408162614],[80.12880921347451,14.063958049124778],[80.12615406495829,14.064386010406125],[80.11470723135372,14.076382756059374],[80.11450374085504,14.06431436501606],[80.09854733958818,14.051292657530169],[80.10558152186982,14.042606472810576],[80.0975139142358,14.020565747811062],[80.06323564021264,14.000287651753723],[80.04429233052676,13.99723935111524],[80.01670503590881,14.010573148532103],[79.9107744694663,13.943487047789077],[79.89559555009467,13.947105050058056],[79.89473962753189,13.921480536597528],[79.87364280217375,13.889086127323012],[79.7890336514819,13.831194043170626],[79.76483535756577,13.833306670266637],[79.78931713128074,13.834431052151402],[79.83457744139585,13.883690714854652],[79.86785280676176,13.891235113110028],[79.89244401447976,13.94871795177211],[80.01339471329547,14.011381030210458],[80.06068694624562,14.002436875861207],[80.09615457097678,14.02283012830786],[80.0923583509572,14.033973932650895],[80.1033575533086,14.040596961980313],[80.09781265283178,14.050678968259831],[80.11266052726162,14.076795458543643],[80.13861215112993,14.072841763636532],[80.12235057391999,14.115334510879023],[80.13462424241501,14.241780042215225],[80.11255621939407,14.2516336440775],[80.10903370354262,14.240731715995963],[80.097787618404,14.231166243427452],[80.06312596788925,14.228491306228861],[80.05234694475578,14.210024237928266],[80.03741264367866,14.209516763987523],[80.04387855515122,14.198120236659634],[80.03521847685133,14.206713676095333],[80.0363818407495,14.211048245580088],[80.05107903466981,14.21163666210235],[80.06164872620789,14.230153203007987],[80.08990001637275,14.234133958515443],[80.09958624810687,14.255685210404195],[80.1373330354912,14.252345323477982],[80.17003774684466,14.36067473884816],[80.1724653246151,14.534749149953413],[80.18388342847751,14.536667347220401],[80.199179172481,14.586894035631346],[80.19350612131055,14.59922504400059],[80.19023633024253,14.600407958260732],[80.19694232922521,14.58274745952771],[80.18670022473563,14.573268651926838],[80.16659033337734,14.567831277991203],[80.14046120671938,14.57025921369187],[80.13576340645616,14.565983653223086],[80.1356748340265,14.569161653187791],[80.14374554162359,14.572529553995807],[80.16993701468161,14.570706844045716],[80.18866634327728,14.59855341950474],[80.166563153167,14.621515154600715],[80.14497160895266,14.698817610444394],[80.13538134117604,14.718731880372061],[80.14023947707031,14.703155040672627],[80.13401114939504,14.692225933280284],[80.12972104509024,14.692133426316602],[80.0932588574104,14.809787153854131],[80.08215844625536,14.807639122247778],[80.05943894355246,14.819845557426575],[80.08897805209548,14.811700701626194],[80.04792141873858,15.077427506374406],[80.08130931896997,15.185449123378419],[80.06123626204399,15.190408229756045],[80.0462987422932,15.209167003954121],[80.08277535419936,15.193211674679091],[80.09918582406661,15.309471964759481],[80.08020031459293,15.315653324441456],[80.09923994526733,15.315472841298629],[80.20776665210937,15.479805349937038],[80.2005900145177,15.497783779697784],[80.22511017309611,15.533126354597698],[80.20767390772474,15.54049575287678],[80.19317412398678,15.550985336404253],[80.22502374644884,15.537575245001605],[80.27047300322667,15.672851443439455],[80.33982503399827,15.747149825504152],[80.53773200542778,15.854853033940458],[80.68684136873432,15.882632017253911],[80.77354013916616,15.86599671867367],[80.79057371600427,15.856807350678764],[80.80974364315475,15.836809039105901],[80.79412710648089,15.809684634538328],[80.82850825755006,15.744977712751279],[80.9007942680411,15.940873026668939],[80.89165794835569,15.955186128237358],[80.87541604021814,16.026366472634706],[80.88555562469239,16.009309053869785],[80.88280475143816,16.016476750401736],[80.88150286676395,16.029557705223993],[80.88877022256784,16.057976245907085],[80.87014710930177,16.090283155643235],[80.8721188306196,16.101701140795086],[80.866783618769,16.108045339820677],[80.86862814447343,16.113305568896905],[80.86029231583782,16.124519348589104],[80.86206710361401,16.13632452515678],[80.84549522432522,16.136775850824904],[80.83786153777984,16.14749753498336],[80.81902253596141,16.261572718905853],[80.80056774610475,16.26900792147842],[80.79158961806658,16.277763247875626],[80.79246723677372,16.28469336061015],[80.76923274989159,16.292247653206687],[80.7613955737468,16.314851879910435],[80.74600625078793,16.318296670954666],[80.75206303638018,16.33102834258399],[80.72798204463581,16.345091700621566],[80.7112641334331,16.379344701896557],[80.7142523530637,16.397777080647785],[80.68409264126248,16.423657655376516],[80.67119574528758,16.462296366983836],[80.63132512525439,16.474248647457173],[80.60682570953898,16.50136506514569],[80.56707000757481,16.508779167824414],[80.54796695670976,16.526008606212244],[80.53369450539711,16.550602674673755],[80.52534604038752,16.555336952338493],[80.52849876850351,16.559190750552816],[80.51333761254082,16.56741440315224],[80.48514890709649,16.56145644226102],[80.41299426597274,16.577268004115155],[80.40244400518677,16.561319231797142],[80.3217934372174,16.59256827800371],[80.24784076174191,16.58596742145943],[80.20467662832388,16.601520657552328],[80.13784420474636,16.65153872932899],[80.11498045888109,16.819445371306912],[80.07240045042053,16.812615632805233],[80.0558011535006,16.74313521391909],[80.03334414941307,16.714007854578895],[79.99793040756234,16.69921874994543],[80.05377364184025,16.74483215817763],[80.07051074547465,16.816931963139638],[80.0989533664048,16.82452011071463],[80.12271904954466,16.817910671040664],[80.15257871153838,16.691270112725633],[80.13850545915975,16.656411052028517],[80.2087235451556,16.602982640436593],[80.26850330808136,16.599578976288825],[80.25514841077066,16.61170661466859],[80.23605501682565,16.612944841731164],[80.22096097456941,16.61881172648002],[80.20625281341674,16.6305433510949],[80.34534597383768,16.58489274960081],[80.40988326100378,16.590929508190357],[80.44927120230417,16.574520229924744],[80.43422341308016,16.592855811046874],[80.46649765943951,16.572062254169722],[80.50485110249653,16.58714091801899],[80.67701065551742,16.459372520825227],[80.71749413024995,16.399425626091855],[80.73069596294843,16.34498321989973],[80.74534451973389,16.34366905678158],[80.7553271059613,16.328734755704545],[80.75040853022952,16.31777465317775],[80.76247727830386,16.315546512661484],[80.82581067092585,16.255840063368296],[80.84145116823689,16.146321058070484],[80.86467850191147,16.136990546876333],[80.88282966625619,16.11676526080818],[80.89937162420111,16.059209943084483],[80.89227485629968,16.006711960188866],[80.90038430669054,16.00773334541762],[80.91010534758382,15.985048055623324],[80.91332757440816,15.960240006071444],[80.91416704657203,15.923965335132152],[80.89389312246973,15.857003330939051],[80.89934480192116,15.834946751791236],[80.96374177955963,15.80223596102087],[81.00156164135674,15.767333268815392],[81.01122772737787,15.768701314813924],[80.99298596353148,15.820312499622219],[81.12836825858838,15.963477849623118],[81.12446570362945,15.991482972860965],[81.06588315958018,16.002307057424815],[81.06266605889166,16.00908124480368],[81.07174861440708,16.052509427268333],[81.04589760309202,16.057228446135923],[81.0159031156364,16.089149236448165],[81.00049507598706,16.08390975023491],[81.00564837477279,16.058495640361556],[81.00293850880527,16.050980806419147],[80.99535584439681,16.04504013049774],[80.92746925350329,16.03243935069557],[80.91593456243024,16.03529250654404],[80.90946137903941,16.04143095057792],[80.99104523644863,16.045104146039577],[80.99885284917971,16.089322805603032],[81.01673483834222,16.09118974241271],[81.07243013414345,16.05705761901396],[81.06724965604681,16.004383802470613],[81.11864280741972,16.002481460251303],[81.14563405476784,15.973970055573673],[81.14119374749353,16.018267631545996],[81.20206892514088,16.142461657079878],[81.19562351731165,16.140990853645008],[81.18273115122176,16.143047452078335],[81.20244741471649,16.145607709528292],[81.26542234386622,16.2808134559763],[81.39243805437278,16.341964840605044],[81.37958872354082,16.359466552339583],[81.34577918066472,16.330798268125662],[81.36949205381538,16.361892938508376],[81.38280844665266,16.36119496837317],[81.39912831791762,16.343982934564906],[81.48476636407653,16.3528695107194],[81.47552525988286,16.39462077592816],[81.48380732524802,16.389498948917463],[81.49426650989162,16.37156605722781],[81.5227340456398,16.38331973591717],[81.54753553823465,16.379984140555734],[81.55283725303693,16.375933766729972],[81.5612151618503,16.34545421643901],[81.71556675430227,16.31959104539048],[81.69745635982324,16.411419272681343],[81.71048390840573,16.443502426595785],[81.72252333138678,16.446398615903462],[81.75369000419042,16.42098057239552],[81.79818594452573,16.47597706349076],[81.81949532015298,16.48833000632473],[81.84578955154663,16.495520472791597],[81.84509885332952,16.531086444683808],[81.85680377527402,16.54368555534417],[81.84328317607785,16.646919131412886],[81.79359745955517,16.701087712927674],[81.79198050459664,16.742027878683757],[81.7469389437774,16.792187929129696],[81.75638473007135,16.8386700150093],[81.72669518023841,16.916834115801876],[81.74214077018055,17.008955359302433],[81.73018884673789,17.0236331224707],[81.72079396207184,17.056622266904114],[81.69360613821286,17.089068055346473],[81.70367395858639,17.10342347631247],[81.67735362077306,17.109532832674162],[81.64017617708905,17.20672213991486],[81.63822054823979,17.22779202428258],[81.65803086733078,17.273298024684152],[81.65681314481091,17.299844265000942],[81.61106955971255,17.333270430486053],[81.60201477975843,17.370319008515494],[81.61256980874973,17.404723524870803],[81.58416545397259,17.405597567873485],[81.5632901190439,17.438363671446368],[81.54105150722128,17.435517430485135],[81.52641153356555,17.441697359345696],[81.49880623811751,17.4798482660847],[81.47544443601205,17.465605736115876],[81.43986594645631,17.45985090689392],[81.40659165398174,17.464636921656734],[81.3899189238193,17.472200513243195],[81.36662566624167,17.49839985357046],[81.3181319237494,17.486886143680692],[81.30489265946878,17.48958003499071],[81.29052770119247,17.49954974652367],[81.26069962968418,17.56383550140731],[81.26052260443467,17.57997393624825],[81.28272426131562,17.59604871257811],[81.28256094443205,17.634769201337676],[81.29410195324263,17.65830051935359],[81.32675015929257,17.702836155764032],[81.36991035907593,17.710341930835554],[81.38774323446276,17.75390624997351],[81.3718403581461,17.708226561706525],[81.33070004017483,17.701797247245267],[81.29402625550736,17.653340458795213],[81.28594517692844,17.596039176167153],[81.26088714642478,17.574363351087868],[81.29282033479072,17.529558419885277],[81.29525637608103,17.49774253369104],[81.37100684668863,17.500989556622812],[81.41367363972685,17.465797663131752],[81.50012695819268,17.482949972063693],[81.53346371667729,17.441561460093396],[81.56301462612416,17.44215822232414],[81.58851385143319,17.407663822327606],[81.61423635502385,17.409678817223693],[81.61717927490363,17.330955625002147],[81.644468903817,17.32575583486394],[81.68007195026044,17.301482439463072],[81.6806471350574,17.28971123658441],[81.6595959664808,17.2671793702318],[81.66723930814769,17.226562499959513],[81.66324341255361,17.191506624431213],[81.65861403900672,17.186208009592065],[81.67168557612857,17.13532352466102],[81.6828700307274,17.113461375342226],[81.70591294762457,17.106261014534283],[81.7125742431069,17.093287467542652],[81.70636844614702,17.141313672288277],[81.7360621688342,17.102229356499663],[81.73669075987075,17.081993221909784],[81.73014533483936,17.072690963816996],[81.74877715084486,17.054323553888977],[81.75333523783112,17.04189085917585],[81.76007044319655,17.039309978472744],[81.75337707968865,17.06793904325231],[81.83462464820903,16.806208134098156],[81.92701411271119,16.732209920551497],[82.01269304744633,16.72019660488951],[82.06186103865602,16.68085491662123],[82.08115255864371,16.71862685714386],[82.09453845018939,16.725720047542197],[82.19033133961975,16.72924435124591],[82.29408884092729,16.708176732270417],[82.31198275060356,16.733132242758913],[82.34287071271339,16.73826360707983],[82.36582148057701,16.901965141478186],[82.35796594657123,16.96346473730786],[82.32520115331059,16.989505648566862],[82.35938012599209,16.943954825055187],[82.35462307929183,16.851479649766134],[82.31197154505085,16.840274333593683],[82.25645244082753,16.8864790199908],[82.24907255195686,16.929979443196757],[82.3686624766921,17.11840784534587],[82.60799765616704,17.29609715965627],[83.21302831140761,17.59086501580788],[83.29525840275315,17.674899339632915],[83.26366090792467,17.710636376967287],[83.27230274707424,17.711841344402544],[83.28281605201934,17.68917107598439],[83.30634462800234,17.68803465397616],[83.34449207774733,17.724977612926523],[83.45798814323834,17.920852422301493],[83.46015250653298,17.90452885662154],[83.52946627115156,17.94924807523857],[83.57281386896491,18.017998576473246],[83.71132814927475,18.109449267469785],[84.12463605441044,18.309162139621066],[84.12613093809242,18.351697444581532],[84.3562730551574,18.556639552473413],[84.33923113351003,18.550663352431812],[84.55361342402043,18.791905641432265],[84.58287477515083,18.87605273754383],[84.68291676070001,18.966825365798073],[84.66397202019269,18.961617350460415],[84.7834217550101,19.110094904955915],[84.75096893296998,19.082094907853758],[84.72284364681698,19.089728474789396],[84.70364332168205,19.120714426129894],[84.74414205521171,19.144583940496545],[84.7265624999595,19.096261143836784],[84.74606323283209,19.117493748837475],[84.77750241730288,19.109863400575534],[84.9060018059387,19.26945281009914],[85.06609153709488,19.3656249049655],[85.05461370925545,19.36560034717833],[85.04796016233169,19.367496013730147],[85.04422032800582,19.370607853269888],[85.01051700135869,19.418115854263334],[85.066712259963,19.371693134430643],[85.3375376460456,19.579747557603753],[85.66363477692349,19.738867640629167],[85.90491175637251,19.83221864677317],[86.09499680955523,19.859685063514974],[86.22818505739454,19.90106952224076],[86.207831263602,19.90492475037705],[86.22257912172918,19.925469756224388],[86.2279460427757,19.903705239105534],[86.24158811609877,19.921869158534875],[86.36443722259989,19.953595280697698],[86.34334123091318,19.969240546214323],[86.32866620977777,19.954776048276074],[86.31696164576348,19.94953012471555],[86.34112381930882,19.97173511988001],[86.30298113866874,19.98336780108319],[86.3217228653181,19.984159946424427],[86.29449355573306,20.024540066570893],[86.26542651662052,20.017101645324743],[86.2231842278699,20.025977254246953],[86.17277085818861,20.06532216028947],[86.14917564424061,20.118747234497334],[86.15896904458586,20.17024207131459],[86.1240588430413,20.16804504374386],[86.09198760964048,20.18045747313397],[86.03913164171203,20.204520106118082],[86.02576935287343,20.225596427832983],[86.01298034226912,20.256770968805228],[86.03284394709064,20.299033641589375],[86.02075600658449,20.33966100245334],[86.0257833004591,20.357204556045502],[85.95724105792854,20.363313436665777],[85.90690374391275,20.395832062100055],[85.90122950114065,20.42061805757737],[85.9580761198171,20.364391922549316],[86.0282795432664,20.358696341563018],[86.04004573782063,20.28248322012459],[86.14914011922124,20.216936349533],[86.16657507428036,20.159681319936993],[86.1505454780914,20.118829846220507],[86.17932105052623,20.061972856562136],[86.22916281201427,20.027675032177115],[86.25049614917796,20.05562591550364],[86.26878750344056,20.062692404131212],[86.28708827540365,20.049800276361793],[86.29036152346569,20.060741543487524],[86.32530057436205,20.033364653356102],[86.34922695196238,19.981337427780105],[86.4077016115402,19.995347142156973],[86.41254925684288,20.00995802903992],[86.40732777145953,20.019427061010077],[86.41173744242914,20.036524415069806],[86.42699182031632,20.04950594894052],[86.4119645356349,20.0553308722221],[86.43701684465177,20.060890555754668],[86.55899417444172,20.200485349019687],[86.50367414954238,20.164192914671332],[86.48858642592293,20.120937466790735],[86.48820364478254,20.16665947445523],[86.4690669772593,20.146211504557385],[86.46446514095359,20.14652037581476],[86.46195757388298,20.149494051609253],[86.4591684344758,20.157863855732444],[86.46005070177856,20.16190612306923],[86.46898424592624,20.147581815948143],[86.49759256874219,20.19017207578071],[86.51034975054066,20.177544354988044],[86.55341994797223,20.209934830627986],[86.63458704965277,20.243967533075278],[86.60603117979517,20.247509956319533],[86.58082115667108,20.266704916998407],[86.57676208010608,20.274858236318636],[86.63623178017261,20.244927406474716],[86.71746861978104,20.292347073358883],[86.69360315775961,20.28490674465064],[86.68469417139906,20.284877061627128],[86.70357847206893,20.291389941992264],[86.6080287692125,20.339213252489742],[86.55770063367734,20.322045445540994],[86.48574590644844,20.32974863079474],[86.5577507016337,20.324680447444763],[86.57134294532082,20.337002157723532],[86.59764730937584,20.342416405592672],[86.6103346345358,20.34197175469285],[86.59267151337971,20.362085342264777],[86.5914812084911,20.382672667509695],[86.59385216224754,20.393592953452043],[86.49850285082593,20.388581752945584],[86.42139184445816,20.4519777293888],[86.41139006579894,20.44704580322133],[86.3985301256649,20.449834823918025],[86.39286291559122,20.443388819838276],[86.38710546484546,20.442304015318115],[86.36058485520707,20.461012959880208],[86.35048544434781,20.454592465969654],[86.34361732008338,20.462024449868522],[86.33900260908322,20.453712939800425],[86.32883596400862,20.453403949832506],[86.2908536198988,20.470419645450335],[86.23113524919248,20.453046560150653],[86.20313620537164,20.449000477889854],[86.12242782088734,20.454883217686387],[86.09343850568254,20.466747641590445],[86.05088317371954,20.448178053274603],[86.09426915639662,20.4320098158004],[86.11667895327125,20.41017472708205],[86.05059742942794,20.446013808690424],[86.02372026467859,20.43636035904339],[85.98349595027801,20.44560575480179],[85.93851017980111,20.46543777003717],[85.90975487268932,20.492663145088102],[86.03042614495078,20.442398667164838],[86.0600359438038,20.465829014697306],[86.09174323056564,20.470066905263593],[86.17195916158616,20.45207595783924],[86.289244413499,20.472377062151793],[86.34091174568064,20.471509933136957],[86.34833252402686,20.47009336961341],[86.35265064221343,20.464285731301544],[86.36894690987211,20.46755623822986],[86.41570591949275,20.45570647687245],[86.4496951100414,20.439702630072418],[86.47056615340537,20.41273772746419],[86.49920535084638,20.40744674247327],[86.51664125918691,20.41816616034012],[86.54864966864736,20.41592860212336],[86.56979143582615,20.410945057568483],[86.57528507674496,20.40600717069441],[86.59027755226734,20.402963280331193],[86.59742975258112,20.396377444263663],[86.60151267017366,20.386424780279413],[86.59597122669092,20.365040660198332],[86.6171256302438,20.337998867353917],[86.70809864993285,20.29759716977364],[86.77045035340123,20.332460641645383],[86.78031802155945,20.39062500004377],[86.7156907320418,20.393435120634393],[86.7045211792092,20.41040563611128],[86.70509505279446,20.419261455451874],[86.69049000700838,20.4079860452199],[86.68510103188711,20.413310050618406],[86.69066774811822,20.427123546414606],[86.66328561314063,20.427060842084245],[86.66333878016067,20.431143760576163],[86.66971802666566,20.44171214090258],[86.66356515840536,20.435464024545126],[86.65811943966051,20.436130047164056],[86.65044331590647,20.44750082510302],[86.65187215787395,20.454146027217462],[86.64017283960496,20.445187568251697],[86.63191485448701,20.44592344750913],[86.63527774786988,20.437266349562464],[86.62584900822529,20.432951450049472],[86.63176214690557,20.44707465167386],[86.65241503722424,20.455510258291866],[86.67169785537189,20.440706252791387],[86.66443705562571,20.427821755769457],[86.69497752149559,20.427416562624387],[86.68880414959196,20.410724401709814],[86.70451986799762,20.421522855595384],[86.72725212578504,20.3987103701875],[86.73383343196738,20.478731274229006],[86.75639784298616,20.5006376504073],[86.73656654361125,20.519927620863115],[86.70812356475088,20.566406249748724],[86.7124948499575,20.595244169482868],[86.7302434444795,20.604558110668393],[86.72483837599034,20.613430500017643],[86.72563016430072,20.621765255762057],[86.73324930701003,20.64251732871179],[86.74501514453331,20.648561119999755],[86.7437256579129,20.660406828112656],[86.70495045170205,20.635331630450395],[86.6820305584636,20.64338290729546],[86.67589676392456,20.63622295842282],[86.67111551736738,20.608349799903408],[86.66686105769182,20.604425430089577],[86.61231970808811,20.606777548445137],[86.62301933727261,20.585786700096207],[86.61660265918553,20.574337005748305],[86.60252475731184,20.565642714539734],[86.55432105067607,20.623811126182602],[86.54265451449422,20.602504015048282],[86.53188192870815,20.598845600843816],[86.49585986114371,20.616295338059444],[86.46895635165444,20.6038614508453],[86.4499632123325,20.60103392567521],[86.43815922736653,20.606268048331856],[86.41868007192792,20.623654246646225],[86.40676534174727,20.62604606107692],[86.37938356380059,20.5977566243688],[86.37131035339016,20.594785213067155],[86.32873332528274,20.607179641627283],[86.28383815250882,20.64671504476354],[86.26638054892337,20.672235846607066],[86.26929926894618,20.679426431784492],[86.25691390015643,20.67287385444493],[86.2329194546692,20.689395308746555],[86.229954123684,20.69581925875181],[86.23978555186184,20.708131551330098],[86.22856533572175,20.712671757096018],[86.19394135510956,20.738677740485457],[86.18899595709783,20.76082587241612],[86.19331765188824,20.776898980503546],[86.1893779036674,20.78310656531579],[86.13606524471541,20.78250420120804],[86.1579303743874,20.799398541409687],[86.19177222271,20.783113837233856],[86.19488215478773,20.776156544289194],[86.19067966963107,20.761084557006768],[86.19582605352971,20.73987305189982],[86.24331474338081,20.708789110429194],[86.23246824771147,20.692397713383826],[86.27033352886932,20.68105351940443],[86.32837915427464,20.609202503792602],[86.37203252338233,20.598294019653338],[86.40329527885419,20.630050659410472],[86.4215189222605,20.625512838646614],[86.45088267289711,20.60298895827387],[86.49203252817867,20.61807155575781],[86.51150894158454,20.61956524873733],[86.53409421417675,20.599974512613755],[86.55510687827987,20.624985456413782],[86.56449782841221,20.62231624160131],[86.58854222314508,20.60172712760493],[86.6054400203407,20.56772720814419],[86.60900664344192,20.608184337237446],[86.65964615304759,20.6094031335478],[86.67467916011523,20.642519473594916],[86.68342375760048,20.645295858816894],[86.70958352056314,20.639211178053472],[86.73957920051973,20.67014944554049],[86.68971204757301,20.682497620169073],[86.67513203621459,20.70058524651199],[86.62574481996754,20.685576319691506],[86.58445954297363,20.690210342733167],[86.57663702937552,20.69693851450097],[86.57718455822081,20.70092010457924],[86.5806020494451,20.706206679294837],[86.56319034096148,20.718958854567546],[86.5419260267648,20.69278264030669],[86.48774492758648,20.678321361941386],[86.4247385266618,20.684579610960327],[86.42067754263454,20.690682649584744],[86.42718982674924,20.70461297001259],[86.39663314790155,20.7203110455184],[86.39267694928193,20.72533404782814],[86.39123344386846,20.734218716520616],[86.37935912652259,20.731658577781218],[86.33983004112352,20.748070358860076],[86.3301365374713,20.756059050984504],[86.32910704575366,20.77224802952304],[86.32751071494764,20.77370452924066],[86.31806397447295,20.77458310122924],[86.31329631847044,20.776505350841347],[86.30444753182817,20.785046457827832],[86.3031897544038,20.792564273022805],[86.29913735350621,20.794296503081227],[86.29668724502042,20.77297830600409],[86.27019298102138,20.80650305786986],[86.2652677296222,20.828240156458094],[86.21983420828215,20.824203967639107],[86.19438195186572,20.856518149293237],[86.19350850601282,20.864991068782814],[86.17899215226603,20.85319030249059],[86.16104793541396,20.854265570599637],[86.10298454749895,20.89053785833559],[86.08298003689927,20.882004022367767],[86.06068813844698,20.88542461355513],[86.0526204112031,20.876750468959017],[85.98734593356815,20.886211753269862],[85.95640325580578,20.84644365325201],[85.91420495469495,20.836804032480188],[85.89351725611655,20.840078353433313],[85.85455930227002,20.860709070966948],[85.81013727181781,20.86108875304356],[85.78599154957047,20.877629041846888],[85.76685643157921,20.87060964082235],[85.75983762770451,20.874467849311856],[85.75300467052912,20.86599910267651],[85.73714482767181,20.867503047028066],[85.6987812519533,20.824527144412258],[85.62624442593952,20.806036472505212],[85.60622656310548,20.749269843128786],[85.57969737033741,20.740513443840456],[85.51974034294258,20.746077179718156],[85.32865965391997,20.818170905263116],[85.31619000426534,20.82423233945093],[85.29886007293405,20.844757437905457],[85.28466773053142,20.85088992123292],[85.28931045541336,20.88348793971676],[85.24903464313442,20.893060445882895],[85.23990964861147,20.905305147214875],[85.23734211924344,20.964049458615676],[85.25462126765748,20.98869967445043],[85.16882514946124,21.043560027973],[85.15503573391211,21.072794675533913],[85.10802102095343,21.069652438009683],[85.10231924094032,21.092829227087293],[85.15215980992744,21.147476911630264],[85.1251610514415,21.1843222383807],[85.09697210767669,21.18160104725058],[85.06330203975742,21.193175673618526],[85.02900934240736,21.265110850485456],[85.06328904635248,21.19623005367407],[85.1239874361714,21.189445733633733],[85.14057314433515,21.17675626269144],[85.1560783386445,21.151255130819692],[85.15230333812869,21.130523442802712],[85.11399865181644,21.094447374546775],[85.11135590045453,21.075474858478003],[85.15393674348607,21.077103853560033],[85.24889385696608,21.001731514597793],[85.2599407431708,20.983791828530116],[85.23959636707869,20.960925817272766],[85.24498414969881,20.902483344430834],[85.28916466271912,20.886738657962724],[85.31540131591808,20.82771885364224],[85.3650764231385,20.806113123521868],[85.5782519574619,20.745450257823222],[85.60764527331074,20.75560271699186],[85.6138252021714,20.80224716647359],[85.6419056652143,20.824349641622717],[85.66881954658484,20.828734755704545],[85.69585037219693,20.82626044736179],[85.70250082005688,20.84070265290518],[85.72867321939364,20.866471767458222],[85.75744593108496,20.877605318630685],[85.78413355382062,20.880392074834447],[85.81816494505622,20.86135637779472],[85.85209810694212,20.864104270695606],[85.90984380214982,20.83987295637192],[85.95096802675315,20.84651052953734],[85.98402321380038,20.88927555102589],[86.10219287879832,20.89238464853281],[86.16459262405047,20.854661822685074],[86.19359672051226,20.866566657625242],[86.22277665152134,20.82470715001503],[86.26541364192613,20.830885648953654],[86.29005837459434,20.78964042686431],[86.30010986327963,20.795407056990143],[86.33376085747764,20.77248776000215],[86.3346753124159,20.75424456623378],[86.39258456192809,20.73516714604702],[86.42654752734657,20.711308359693135],[86.42892682591233,20.701031446044425],[86.42555511018028,20.686143159679176],[86.48983097072286,20.680732846343886],[86.56116592926426,20.72011554279817],[86.568242549654,20.718441367575082],[86.58142125628606,20.70809316646654],[86.59386503694199,20.71760344494311],[86.60097944774347,20.71563136569503],[86.60628044578604,20.710120439806502],[86.60682594755954,20.696568131414182],[86.62079775371345,20.688645958544214],[86.65796482551636,20.703116178868584],[86.67785954508204,20.702813625348654],[86.74077153248035,20.676798224258675],[86.75619304217528,20.616079330796538],[86.8273853061871,20.77136480803952],[86.88169252898697,20.797183513908067],[86.95814776410819,20.78488886333045],[86.97020387670764,20.82330584528856],[86.8185130355482,21.178108930283003],[86.91090464583274,21.340219140401075],[87.06359112283215,21.46430397025216],[87.02906501274029,21.464750170683857],[86.99128055545341,21.486352324200425],[86.98363077643924,21.497035860916355],[86.9896397594674,21.50818431385511],[86.98273468026136,21.504325747435416],[86.98140215838302,21.487906932758847],[86.97927677620228,21.48551452117826],[86.95341241355217,21.485252260883186],[86.93792784249595,21.508348107379277],[86.93787145590304,21.511544942745047],[86.93935692278384,21.51395404304475],[86.94780600034667,21.517162919433247],[86.9465420247947,21.52734756443857],[86.93412053563426,21.5214108230511],[86.9267163272967,21.52025842638534],[86.92395532138099,21.522760748609727],[86.92502391382263,21.53042542939008],[86.92677736248541,21.533728838015577],[86.9393382069928,21.54003894284304],[86.91914904129524,21.53768944780984],[86.90843927854988,21.563421607421304],[86.9399098160853,21.541670441637677],[86.93753743150742,21.533805608641956],[86.92605602706416,21.53120303179452],[86.92451405487984,21.523339510010487],[86.92838060817868,21.520691513802404],[86.94545054460704,21.527988552629694],[86.94728970495603,21.527091145240234],[86.95404922978818,21.48578023936662],[86.9897923465397,21.50947856868109],[87.03524577617176,21.46571016279384],[87.09807324438478,21.492012977317074],[87.11490917182087,21.511617421806648],[87.10094141981082,21.520212769603717],[87.10134780365829,21.529507756677702],[87.10493314255055,21.51872134201642],[87.1231045722183,21.521484255394142],[87.12964200947133,21.51296997068772],[87.20066750050486,21.548133015726165],[87.39103102696046,21.550103425832532],[87.33606481513917,21.57595717918059],[87.31127703180968,21.570106148579924],[87.30261993386299,21.57377886740082],[87.2988414763532,21.58275616176755],[87.29872393586109,21.589359640734926],[87.3016197681379,21.59671175494364],[87.34301614737743,21.6326730247404],[87.300199746721,21.667088151297207],[87.30717206014256,21.69101977374362],[87.28484225256798,21.67808914150072],[87.24126935030037,21.685297727508214],[87.19533836807139,21.71884095684473],[87.20945286785562,21.747267127376062],[87.17416465247678,21.749749541308347],[87.16362285610998,21.76253533323913],[87.15901041050213,21.77501153985071],[87.16326534771778,21.788369655835083],[87.1769920589364,21.79687500038108],[87.20483768021487,21.79579055289176],[87.21098923726359,21.846130609839832],[87.24969184390355,21.876770615371612],[87.23325931996172,21.900382757258512],[87.24335682425814,21.92784643196731],[87.21880507429486,21.965219616692053],[87.20568370843657,21.99976170054208],[87.20311975477287,22.032121658587698],[87.14711141575927,22.076214551560412],[87.1765130755181,22.061633825240932],[87.19883394203296,22.03982615505305],[87.2103359697293,22.023261428072487],[87.25190210319957,21.926604747910858],[87.25516331203724,21.87252283136371],[87.21279120435068,21.84358847103121],[87.21700155767579,21.802382469275614],[87.16501486274572,21.76526546452959],[87.21342694769558,21.75310206370935],[87.20316827319735,21.720049142953684],[87.24145305121735,21.692945718670103],[87.31123244791925,21.693732261234942],[87.34743130241279,21.62811076669857],[87.30967402443682,21.586252450690125],[87.4041670562647,21.556209564419902],[87.46336293255345,21.60625374351548],[87.80431067899471,21.702380180700914],[87.89418995400334,21.783168554485286],[87.87623345870716,21.80041646944457],[87.86936867272615,21.820129513366425],[87.87010812768804,21.847817778467743],[87.87983941995336,21.85828161260639],[87.8758198020424,21.87009251156016],[87.88190340991454,21.85996186724651],[87.87233030839715,21.817646503183653],[87.89850175355318,21.7893879411007],[87.97573375740703,21.851072073317624],[88.05234551413432,22.01441931709789],[87.98180735132834,22.09859454670098],[87.95373845086894,22.097964644452844],[87.93206405661098,22.117630124130955],[87.87914705259456,22.139831900621743],[87.85006880792926,22.16265285044875],[87.82963144823285,22.161579847731844],[87.82658243173384,22.16631567492857],[87.85289597516922,22.164588213075632],[87.93207681169562,22.12124562268741],[87.95669436415366,22.099919915371885],[87.99133086242946,22.102905869610254],[88.03206205362099,22.06365036966892],[88.061932802457,22.01331734631853],[88.186471462588,22.09505760662327],[88.1353931422797,22.18468069985451],[88.00798904875566,22.20165514986536],[87.9815603498304,22.21566092970818],[87.9402148722186,22.25996780377116],[87.94211053877049,22.366072416009217],[87.87407374400814,22.448268532766633],[87.8913059235297,22.519668817162284],[87.86406755417445,22.532262921296876],[87.84328937570413,22.557626843604027],[87.85226821870347,22.5980401037678],[87.84572064878901,22.555634856063875],[87.89134454761293,22.526477813700183],[87.90292513378799,22.487859606635624],[87.9026987555433,22.482607841079073],[87.89570963379273,22.47139275107466],[87.88221395031363,22.455639243156668],[87.88144886467344,22.445393205032417],[87.9232721332024,22.43465554711591],[87.94906175139866,22.399505257161906],[87.96178102497439,22.277434349315826],[88.04819107076142,22.219925761264903],[88.08995521066456,22.3054287436417],[88.08936214464737,22.371587156821846],[88.13753223462501,22.414760828449573],[88.11462581143209,22.468035817498986],[88.23719775677117,22.52772331268085],[88.23893594753602,22.563214779338608],[88.31719875341989,22.55152904982586],[88.34402561189259,22.581661224386067],[88.35825884377076,22.736647963932427],[88.32993972313986,22.7811405659844],[88.37198805780272,22.861002445606402],[88.40418136158073,22.88802027691426],[88.39851570103892,22.918685555194315],[88.4068421128733,22.996588945223778],[88.46531343416771,23.079687953436377],[88.48473596559248,23.068953275873014],[88.5106297729458,23.111913800081908],[88.50200843833878,23.12421321886498],[88.47115206761393,23.124649643666174],[88.45448112530377,23.129407048296684],[88.44837784745985,23.134664654949916],[88.44712066628577,23.174353242308285],[88.469460964452,23.219206571426156],[88.41042947793815,23.20706903960459],[88.36262166455825,23.22795617543727],[88.32907354830567,23.266803026138803],[88.34745824320342,23.297852278060247],[88.32587945497292,23.343791842519636],[88.32918155148755,23.354246855208288],[88.33827614802581,23.3561011556439],[88.37798881563148,23.33226716539741],[88.35576641588747,23.350863933923506],[88.35459566136072,23.362496852547707],[88.38270664199806,23.421813130071968],[88.36788344406582,23.430056452643242],[88.3476587533489,23.481497406580104],[88.35341131717863,23.490368247296857],[88.37189924705277,23.48847794520111],[88.37408733086576,23.503203927319447],[88.37536561463142,23.48771214459987],[88.34947991376711,23.48292565319636],[88.37594664052514,23.457987427677693],[88.37094724182182,23.431526542016343],[88.38677644747511,23.42422175373096],[88.35795414446827,23.36059212712499],[88.3814208506918,23.332174420113517],[88.36835300888438,23.328338027378123],[88.33056545253376,23.351444125246218],[88.35659170124612,23.302945256618358],[88.33210396772401,23.266666411925428],[88.41722285774884,23.209879278905674],[88.4491250518798,23.22681200487017],[88.47311425252084,23.222308158694602],[88.45314884174573,23.13222932772132],[88.5033538340123,23.131945848821942],[88.51424944435641,23.10981237853855],[88.48929500585993,23.067555427241217],[88.46527993711956,23.074661374522833],[88.45668423139219,23.034606814353054],[88.4456259013144,23.01691603634609],[88.4121835228514,22.999941110593852],[88.41183805458272,22.88512003436219],[88.33415114845687,22.780966043548176],[88.36579191686363,22.74650442563879],[88.36771392815527,22.608795642904653],[88.32353341603445,22.54998374025746],[88.24450445161918,22.55762267074971],[88.23877155776123,22.51937890091554],[88.12257862060702,22.46584677680744],[88.14597535148133,22.408409237896052],[88.10704827315934,22.375080227970273],[88.10462796730698,22.294541716427176],[88.06989872464655,22.211579442037674],[88.17607307391327,22.193995118579892],[88.20731413324077,22.15804183476294],[88.22409594037546,22.077565669619986],[88.15368187411931,21.95886361586321],[88.17720532396655,21.925488710835396],[88.16353440309038,21.879078746087345],[88.21721720680873,21.764387369181804],[88.27338004125599,21.755118727747174],[88.27246057979201,21.730871438765888],[88.28250575073989,21.75793635857619],[88.26950776557109,21.765764355340764],[88.25461661846234,21.78283023852481],[88.25180292126791,21.80203676268647],[88.28192460523636,21.761267542762994],[88.26334655250147,21.788468360926203],[88.2584452626389,21.8007122276872],[88.25937175770062,21.808668733075677],[88.2638982533019,21.814075827737298],[88.27690553656137,21.82165753796511],[88.30608141432586,21.830468654704703],[88.31392395492671,21.846040129948165],[88.25973904172346,21.858044505449612],[88.25540864509296,21.863420724586888],[88.25514233155346,21.871201634647775],[88.26372992989249,21.881695866770883],[88.26141345526676,21.85874652882933],[88.30959534614843,21.877176523477857],[88.31082940125597,21.855559110264778],[88.3254420759911,21.862085341964985],[88.33643305314305,21.86153566823657],[88.34378170945834,21.857284545945134],[88.35378110401481,21.85723364341797],[88.35794544262822,21.922980308294683],[88.3545991183548,21.823257207953844],[88.36391580067377,21.797567963990417],[88.3906966444346,21.798678040359363],[88.38289070084531,21.90037405451909],[88.38623476062585,21.907026648161377],[88.40619754807855,21.9197850224609],[88.39295184645059,21.936447262930926],[88.3982490304684,21.951926231210678],[88.37382066209389,21.963059544962135],[88.37303602699112,21.96644890269482],[88.37461221208397,21.969013810538996],[88.39427685719127,21.971008658822598],[88.37393033531683,21.965492010547877],[88.39870524395192,21.9534511567455],[88.40772080447167,21.918705702006633],[88.38480210283481,21.898680328934063],[88.40878236331551,21.885252952561785],[88.4196639064642,21.906479478145485],[88.45862042859002,21.919152379079122],[88.45146560675235,21.94186174912045],[88.46897101380128,21.957301974606537],[88.4452271464157,21.964301943979564],[88.44182765512235,21.991051673895754],[88.45019602752475,22.009057044646994],[88.46085274196062,22.011428713364523],[88.445992947017,21.966134548270816],[88.47010111807222,21.959043741075902],[88.46822392899125,21.95258116698733],[88.45290255520885,21.93937897725806],[88.47433292832207,21.89568114297049],[88.47714340684277,21.904343247443023],[88.4834783077778,21.910053253554878],[88.52140104752047,21.91671943685259],[88.5200933217495,21.94157481232773],[88.49531543276103,21.95489764251232],[88.49100792387665,21.960506200600747],[88.49131691474398,21.96607863921787],[88.50025331963516,21.978690028322177],[88.52052926990999,21.989390253757307],[88.54231202617908,21.982356429405712],[88.55447375785778,22.03547751927215],[88.54270994650696,21.981079459549477],[88.49454045277977,21.968713521511916],[88.49413466428345,21.958606362093974],[88.51877987359242,21.94531249997192],[88.52546334275914,21.928665041658462],[88.5218471292417,21.913872957570987],[88.49429082885868,21.87848770624271],[88.52803313751943,21.85329556433888],[88.54067122929385,21.903904557249604],[88.544934749639,21.90617966665829],[88.56118071102108,21.899024963531275],[88.57027542627,21.903120755818293],[88.54926347712788,21.920387744498868],[88.54093861572463,21.959508657298755],[88.5424404142938,21.97003626865893],[88.54788100690311,21.974021315731164],[88.55859375000168,21.972656250085947],[88.56792616865792,21.9586932662813],[88.54390192053737,21.970608353492736],[88.55055391792914,21.920980930125864],[88.57218146290424,21.907413840476465],[88.57900643320042,21.92420935597707],[88.58611965150087,21.92798697981533],[88.57832527139428,21.88951575794593],[88.60652613657211,21.913018941570925],[88.6145528556298,22.019692659188962],[88.602619051728,22.021227955705626],[88.59947931791632,22.025337815188152],[88.59619057183747,22.065989613330004],[88.60474705723098,22.023012637823],[88.63674783684334,22.044571518660717],[88.62738943137728,22.054219842172046],[88.62020313776466,22.10424923911114],[88.6069202419757,22.107533812335646],[88.59758090933158,22.130125641884888],[88.60335540762603,22.159481406541715],[88.58384788037543,22.166768551027843],[88.57282805477095,22.18898284428286],[88.60425102716331,22.160285949936707],[88.61868608039836,22.108786225304186],[88.6720031496258,22.19918835176108],[88.63764703298435,22.209001540788506],[88.63088107080492,22.222012042721644],[88.67884910110521,22.293450951200498],[88.66629052199008,22.33905446509152],[88.69056355946074,22.326176047486655],[88.68499660490951,22.29397606894048],[88.6347384456229,22.217484950869846],[88.70046591716849,22.209886908953763],[88.73371577236512,22.19567286950732],[88.74363315144885,22.229303956312634],[88.77242565182254,22.251212477374025],[88.7864142654062,22.258996367788228],[88.79067993153373,22.259506940792704],[88.7931939359515,22.276817560082463],[88.80461883509125,22.283085823052375],[88.80276405801496,22.329443454451933],[88.81130933785576,22.345582247223007],[88.79512584248377,22.344103574720236],[88.78971123668433,22.348510503656854],[88.81937134271342,22.363848447447907],[88.84951984896199,22.364323019691625],[88.87023675482246,22.35912525662536],[88.87622201463441,22.355337619735366],[88.87525725341968,22.357584119012017],[88.8614839312385,22.364311814138972],[88.84629833709866,22.38796710999418],[88.84780204312992,22.43087506253417],[88.81920123145179,22.430231451920037],[88.80260980090165,22.443103551787544],[88.80035781845865,22.458006024058875],[88.7798149583937,22.49226093279586],[88.77725446262352,22.506925940879484],[88.73329234096886,22.50996506213798],[88.70796573153333,22.52770125860627],[88.6916579003919,22.5223400590466],[88.67439484624524,22.53828644726181],[88.6811294553602,22.54317533996999],[88.67289102060423,22.54885053602345],[88.6717505453515,22.556203841833934],[88.67767274380216,22.59385764561395],[88.69085252242601,22.523995518478444],[88.70155835153682,22.530622958982406],[88.7690892218902,22.51356506357689],[88.77221047913034,22.51816713820287],[88.78270733367654,22.524212956562792],[88.76453232740496,22.52769756329198],[88.77004611493632,22.53021967419869],[88.7644292120386,22.534157753277697],[88.76112866415659,22.549907207052],[88.76654732230125,22.560844540543144],[88.78406584236475,22.52492201354019],[88.77165102977122,22.513275146430942],[88.7921446564508,22.500000000100016],[88.81234574356128,22.480050206052283],[88.8297530408702,22.446958541603436],[88.8244239093361,22.43600142032932],[88.85262775396777,22.432784557061723],[88.85100340838076,22.47518157956631],[88.8568079467295,22.475188374843725],[88.85760414621441,22.483466863604974],[88.86502885819536,22.487759352012546],[88.84490025014648,22.500584006346855],[88.84293663531761,22.50821804992316],[88.86921501166356,22.545635819437535],[88.89658772983992,22.563271641672998],[88.93760848024718,22.570343851787356],[88.93701064602462,22.5941964391144],[88.95784926433222,22.61716496948779],[88.93885612501023,22.615854501683913],[88.93253421748031,22.618332863271064],[88.90906894207816,22.675781249804913],[88.88262951334141,22.66552102577478],[88.86343586477349,22.66381025354042],[88.86146295095458,22.693328261290333],[88.84712457663804,22.69180274040417],[88.84692156277995,22.706786155256935],[88.80810546889236,22.710474848735316],[88.8059897418332,22.734507560375732],[88.80833017799543,22.752887248747612],[88.84841227540633,22.749290823912418],[88.80947387192177,22.751144051456833],[88.80919134630366,22.710742235166094],[88.84799695049898,22.708971500634306],[88.86396431899814,22.694056749019836],[88.86443126229292,22.664777636278956],[88.91134154777424,22.67679727057765],[88.93373700675798,22.619577562754813],[88.95916197504559,22.61743948304624],[88.93939897018683,22.568067602038667],[88.92677892151082,22.56496984318406],[88.96106155904423,22.549353711205242],[88.9970654018471,22.46995393112951],[89.00049956650255,22.429616696953445],[88.98201528697612,22.41582435770846],[88.97241355734027,22.411199671428193],[88.97496024671861,22.405087878802703],[88.99477551567807,22.39107929667267],[88.99597538305832,22.38939369106646],[88.99661820047007,22.387092195548746],[88.9849888638453,22.325978055443386],[89.00094833899536,22.323356064031657],[89.01054995711505,22.314745056339518],[89.0169534592354,22.305525697753012],[89.02348926511812,22.300109246544906],[89.0247521884634,22.296175323232916],[89.02154683741733,22.293742853150576],[89.00018858363674,22.29662577655884],[88.99532074945361,22.285944551999904],[89.03386629039747,22.25811643332719],[89.07198522443892,22.195666747822486],[89.07002943281273,22.150246628179787],[89.09070103712386,22.15987917308584],[89.09850796906815,22.155570360184186],[89.09264269590429,22.1431874006783],[89.0559336766984,22.12194454520497],[89.04012975998106,22.09802463373032],[89.08646765935546,21.98050411737148],[89.06973128237328,21.924184611131324],[89.02788111602129,21.920144662246855],[89.0201874177159,21.889482072939757],[89.04531680852463,21.851862529732415],[89.03006228854437,21.78511941872665],[89.1500134124897,21.666097116389295],[89.23236111087724,21.129111111488953],[89.37354884720165,18.009049085546962],[89.28405037932171,17.974008054228335],[88.75903949587618,17.48948987885491],[88.46278595880503,17.25715766259613],[86.91042489889011,16.271446604077568],[86.46488042539144,15.828176148210787],[85.65072634894196,15.185115872399692],[84.904465657764,14.346154162784472],[84.63269450774536,14.082116829827882],[84.21950975037473,13.773292221159181],[83.76414435997438,13.526286311164398],[83.76445840772945,13.14136871159684],[83.7179631018158,12.732249575157851],[83.5695740280191,11.995646588319502],[83.40247227567514,11.448824809717323],[82.40666666623403,11.266666667033192],[81.93333333306711,11.045000000149997],[81.04166666698333,10.69499999995017],[80.76666666663343,10.549999999700304],[80.08333333316713,10.096666667033247],[79.58333333326706,9.95000000000013],[79.37666666653385,9.66916666680838],[79.51166666698347,9.363333333666517],[79.53333333336687,9.216666666633486],[79.52166666678332,9.000000000100144],[79.48833333291734,8.896666666733438],[79.3033333334669,8.666666666833365],[79.0783333330173,8.519999999800248],[78.92333333296719,8.370000000100092],[78.76166666668351,7.588333333616646],[78.2033333329671,6.513333333066967],[77.8449999997504,5.8983333332168115],[77.02333333316713,4.7899999997003135],[76.72083333359151,5.093055555469718],[75.42944444452505,6.851666666675058],[75.27194444438092,7.257499999625381],[74.93583333353749,7.858333333474974],[73.32722222222807,7.6505555553946465],[72.70722222212513,7.71500000007498],[70.25222222212616,8.093888889070357],[69.47833932370096,7.933370530325817],[69.15729076195922,8.639636241419495],[68.9640776661515,9.178358436992312],[68.72627887407091,10.271074276057107],[68.51681394340889,10.850495943732923],[68.40416057325186,11.238207514765065],[68.32878092999599,11.731086753750702],[68.32754952429113,12.220134361911377],[68.37540083967704,12.590669639092638],[68.4644487714937,12.951532887532807],[68.6794835507254,13.60303938825723],[68.89121516055135,14.044707385337645],[69.12358137298199,14.395127964284228],[69.40288950005046,14.718489833239317],[69.71274217051487,14.999046310139136],[70.06329272128212,15.24431897024435],[69.90513185245314,15.907569803903385],[69.82491999176435,16.446209198895517],[69.74189835582459,16.795824965549826],[69.49048655111355,17.580939971802295],[68.9947686281698,17.793036691989855],[68.55966095249104,18.018559967468534],[68.09910393240065,18.32177683823059],[67.67486912411093,18.665543774025977],[67.21246693979751,19.13238594275711],[66.650872558222,19.636873907704782],[66.18888525455097,20.12455892875164],[65.88131363621542,20.532860871032426],[65.63914950074926,20.98033993194244],[67.16814325380878,22.251081571157584],[67.47056477944128,22.71384825429351],[67.71381102326066,23.2300354116052],[68.11152128031719,23.636339298030293],[68.18269820176127,23.67854519720322],[68.20883788286258,23.875812833395628],[68.28109531739514,23.930057807821782],[68.33207344423428,23.924350838720414],[68.36698744181732,23.987590336724878],[68.37693152716875,23.990036324517007]],[[68.23323237917108,23.842401743245887],[68.25147843368282,23.86202836052047],[68.2506623268051,23.87952625733101],[68.2138432260841,23.861897349083506],[68.23323237917108,23.842401743245887]],[[68.21473193163334,23.768443107963094],[68.22409105295989,23.763751506726692],[68.2163869144247,23.77930414656919],[68.21473193163334,23.768443107963094]],[[68.2802062035536,23.662477851072026],[68.23138284694087,23.643205403906336],[68.28110861746885,23.651920556688367],[68.31159555928772,23.65012800730173],[68.26047801954505,23.639837861028525],[68.21078085914948,23.64037323014051],[68.20421802953845,23.64718961730705],[68.18783497820183,23.61061513398127],[68.23311305082674,23.586954236249056],[68.27777600246063,23.63243424894148],[68.30686676478953,23.630410432595426],[68.27803146837758,23.6308983561743],[68.2810510392741,23.58249020575849],[68.34667611131366,23.597841500884584],[68.39563465131815,23.66417157665697],[68.42507171648654,23.796843051565702],[68.39812493341904,23.784627556616527],[68.35408651867803,23.80372023560048],[68.34893143204002,23.78216612296825],[68.33488476272166,23.757923006841395],[68.35028493420245,23.73198676138003],[68.33945131322756,23.742427468552904],[68.2802062035536,23.662477851072026]],[[68.25767433630162,23.71680724665717],[68.29477024115377,23.723110079566624],[68.28504276291326,23.731793641863106],[68.2859680654739,23.754489540959554],[68.2903013228478,23.72817134892864],[68.32428705730186,23.734255552152092],[68.30942976517159,23.82325112813706],[68.29052555531027,23.81665265569555],[68.29807364977918,23.803597569872068],[68.27331793267652,23.79111850251695],[68.25767433630162,23.71680724665717]],[[68.3315974474643,23.787157177761628],[68.3558337692132,23.810762643980837],[68.40155863762115,23.790230869858817],[68.39041137718343,23.80972313921157],[68.38920164064334,23.830484509352658],[68.38026845442565,23.838103532452124],[68.3902770283623,23.831329226362783],[68.39808404484288,23.80005037752295],[68.41104900870491,23.795693159511757],[68.43907475429663,23.836047053628704],[68.42458272001656,23.86463534854255],[68.37812411813357,23.873949050508315],[68.37723875086775,23.857920646820446],[68.34434044335686,23.839102864505662],[68.3315974474643,23.787157177761628]],[[68.35034203485716,23.846106767513362],[68.37759292097664,23.87617814520533],[68.41710543636688,23.872360944901743],[68.40886366332754,23.884915113741613],[68.42291903538532,23.894662380664357],[68.41977703528201,23.870982766241752],[68.44235312939352,23.87064576149274],[68.45885491372346,23.930880665910138],[68.3531947131655,23.900548815775267],[68.35034203485716,23.846106767513362]],[[68.45545101125529,23.807276248500074],[68.43764030955268,23.73927891239194],[68.4772374628387,23.741064667400536],[68.46435582656025,23.766054272986423],[68.46603941948374,23.775398612156238],[68.48791336970632,23.74900770184405],[68.48785507655069,23.736975550781068],[68.50734627211287,23.748455762723324],[68.4897371534469,23.759339809584617],[68.51511824111404,23.75249433474582],[68.5221892596268,23.775270462361988],[68.49866342567671,23.79374015308568],[68.51970934850775,23.817404627421695],[68.49019777810511,23.830326676534924],[68.45545101125529,23.807276248500074]],[[68.48570442162188,23.739310144947325],[68.48186600181455,23.738658070813358],[68.48223710076175,23.735928774093708],[68.48570442162188,23.739310144947325]],[[68.48413252809374,23.732642054187522],[68.45967233181275,23.724764704427656],[68.4873789547751,23.728808641805415],[68.48413252809374,23.732642054187522]],[[68.45065093019636,23.731577277569357],[68.44857835800488,23.730468749832994],[68.45040774362255,23.730468749832994],[68.45065093019636,23.731577277569357]],[[68.34467685185533,23.794801235288844],[68.34696495556832,23.780314445854998],[68.34959805001009,23.80021214487465],[68.34467685185533,23.794801235288844]],[[68.47430944472515,23.721241354904663],[68.47939944293003,23.717566370691543],[68.4823069574002,23.72067570651876],[68.47430944472515,23.721241354904663]],[[68.4908616540421,23.603889703347193],[68.46998250508861,23.61621463319881],[68.46866965318205,23.59278047074224],[68.47966516021907,23.60649216148417],[68.48299860979805,23.60695266743167],[68.4908616540421,23.603889703347193]],[[68.48647880535262,23.603192209852665],[68.47909903519238,23.602682829349106],[68.48057985347756,23.59799051315173],[68.48647880535262,23.603192209852665]],[[68.47970485719341,23.590103029831027],[68.43556272993615,23.556492567178253],[68.43042576283884,23.507688641317742],[68.4463361502932,23.539793014735864],[68.48118197926502,23.56112551732889],[68.47970485719341,23.590103029831027]],[[68.48154914367811,23.552802562488267],[68.457452774426,23.542235731693722],[68.45338201566764,23.528776049874864],[68.48154914367811,23.552802562488267]],[[68.48227775101756,23.546895622834768],[68.48319017888369,23.5486769675681],[68.48217213193837,23.550290227212287],[68.48227775101756,23.546895622834768]],[[68.47209501257478,23.535817742394954],[68.47647297344898,23.532750844675803],[68.47311913983654,23.53688991054105],[68.47209501257478,23.535817742394954]],[[68.47619104408156,23.527823328783683],[68.469010114925,23.524427175773667],[68.47179865808167,23.520906210353388],[68.47619104408156,23.527823328783683]],[[68.47048032300856,23.519137740314534],[68.46322464939809,23.518419503957034],[68.46502661738455,23.515382170550822],[68.47048032300856,23.519137740314534]],[[68.45452082177857,23.599110961401834],[68.4620676041367,23.576841950695524],[68.46600127204121,23.597885131493655],[68.45452082177857,23.599110961401834]],[[68.45210731030417,23.60264694729881],[68.46656405968363,23.60086584088586],[68.46460652337245,23.622592926422442],[68.43529200522195,23.616778731153573],[68.44075405565522,23.586572170069672],[68.45210731030417,23.60264694729881]],[[68.25032615662693,23.58293354544682],[68.25498044499167,23.590014457401367],[68.24537324927618,23.58868026728058],[68.25032615662693,23.58293354544682]],[[68.22766041719458,23.58517587186904],[68.2243282797264,23.584107041107103],[68.22827362982432,23.5843780041416],[68.22766041719458,23.58517587186904]],[[68.21745955921145,23.586762547553576],[68.21551024899892,23.58715236229176],[68.21710157417837,23.58642053627881],[68.21745955921145,23.586762547553576]],[[68.48683845952743,23.485961556680536],[68.473977446502,23.481392980002056],[68.48090755923661,23.477713465903747],[68.48683845952743,23.485961556680536]],[[68.48609173264745,23.489222645908427],[68.48958432715509,23.49299633521278],[68.48665857353447,23.495140433184474],[68.48609173264745,23.489222645908427]],[[68.51122820381872,23.490669131675162],[68.51141285891643,23.491909981160717],[68.50933671012123,23.492367148824883],[68.51122820381872,23.490669131675162]],[[68.5078557731255,23.49176466420795],[68.50710213225776,23.490370154758864],[68.50845491855969,23.49027085341723],[68.5078557731255,23.49176466420795]],[[68.48741292936322,23.485399246578055],[68.48217630389334,23.477874517395094],[68.48517334497396,23.47628402678646],[68.48762631420314,23.47322380563415],[68.48741292936322,23.485399246578055]],[[68.49619495843072,23.47572541199827],[68.49901413879152,23.458304167103677],[68.50046145912913,23.455216049880846],[68.50150835542635,23.46596503295993],[68.49619495843072,23.47572541199827]],[[68.51908552657588,23.448764204704332],[68.50316405317866,23.429166435882337],[68.52600157301433,23.43641674503681],[68.51908552657588,23.448764204704332]],[[68.51401042923803,23.43041551146672],[68.51718687967085,23.432207942142867],[68.51509881036182,23.432864308740932],[68.51401042923803,23.43041551146672]],[[68.48340594782624,23.40298175810173],[68.47249364876293,23.480218648871585],[68.41176486006034,23.441616058534322],[68.42168283449533,23.420297980167646],[68.41839635380879,23.43971741162929],[68.4743548631865,23.45975744724842],[68.45860254776946,23.417743444204632],[68.48340594782624,23.40298175810173]],[[68.54153120550089,23.40599000473503],[68.54786264854246,23.410264014772565],[68.55003046973056,23.414690733290797],[68.54153120550089,23.40599000473503]],[[68.55468750012804,23.40597093101377],[68.55627322163193,23.406100153699214],[68.55798375644534,23.40916597852717],[68.55468750012804,23.40597093101377]],[[68.55076324902475,23.402078509615592],[68.5280060764193,23.391854643377172],[68.5464692119846,23.396615266681266],[68.5557731392191,23.360244870104793],[68.56718242163154,23.375707506696187],[68.55639195462513,23.378763079252764],[68.55076324902475,23.402078509615592]],[[68.553019046392,23.40359246701877],[68.55468750012804,23.402622818888005],[68.55676817880848,23.402803302030833],[68.553019046392,23.40359246701877]],[[68.58932185172219,23.374032974442258],[68.56846094101977,23.37222754946191],[68.6182301047356,23.328073978331474],[68.61840641502411,23.353116035076994],[68.59810864899507,23.35680425191478],[68.59450066067708,23.361174464230203],[68.59806060811073,23.363594174731418],[68.58932185172219,23.374032974442258]],[[68.59632492105843,23.35925626786249],[68.59953105451459,23.35947871247268],[68.59735584269814,23.360813855874852],[68.59632492105843,23.35925626786249]],[[68.63160145244521,23.351534366817674],[68.63115215294962,23.349387168882856],[68.63495922059158,23.342903733220737],[68.63160145244521,23.351534366817674]],[[68.53583431240364,23.316536426514887],[68.50468575914053,23.34241914792537],[68.50252115752542,23.32376790026848],[68.53583431240364,23.316536426514887]],[[68.62824130019598,23.32495844347747],[68.62719225901563,23.32405865198521],[68.6289229395421,23.321493029180004],[68.62824130019598,23.32495844347747]],[[68.62993156878693,23.315019011218453],[68.62576234325766,23.312172055296145],[68.62777435780046,23.311451554445796],[68.62993156878693,23.315019011218453]],[[68.6307352785104,23.31290852990483],[68.63430273528317,23.314248442411724],[68.63242971905632,23.317497253195683],[68.6307352785104,23.31290852990483]],[[68.63978183236568,23.316236734637613],[68.64380931844542,23.31773304914094],[68.6395231486745,23.3184520004595],[68.63978183236568,23.316236734637613]],[[68.64627385115747,23.30717265569359],[68.634539007869,23.31336236018484],[68.63212001322805,23.3106211420521],[68.64627385115747,23.30717265569359]],[[68.61843395226524,23.29871845289435],[68.58833980553769,23.318860649699303],[68.58274054553985,23.315709352404724],[68.61843395226524,23.29871845289435]],[[68.60218715631228,23.29969310755098],[68.55730652827376,23.313426614047074],[68.56782460232361,23.281335353643726],[68.54126775270478,23.285131335342925],[68.54083395032669,23.266011119117877],[68.57396602671079,23.244895816288988],[68.57289850716055,23.260891079959436],[68.61498987708123,23.271551251389212],[68.60218715631228,23.29969310755098]],[[68.62819254435047,23.286421418213934],[68.62929415719967,23.287331461977487],[68.62861490285562,23.289919018348087],[68.62819254435047,23.286421418213934]],[[68.59404671168645,23.26043796553978],[68.59768617177954,23.26036155194413],[68.59400141283501,23.262026310366025],[68.59404671168645,23.26043796553978]],[[68.63171040980771,23.319234132749102],[68.63233947748503,23.319041014131557],[68.6316510437608,23.320927738724208],[68.63171040980771,23.319234132749102]],[[68.5227749350154,23.34254670146919],[68.53268015346637,23.34100317975296],[68.52131331006129,23.34320175685565],[68.5227749350154,23.34254670146919]],[[68.5609232184319,23.34269511658644],[68.56515681743329,23.34263575053953],[68.56332492810301,23.344911217878433],[68.5609232184319,23.34269511658644]],[[68.55376684706235,23.34176588039108],[68.55468750012804,23.339285730951758],[68.55677700025845,23.341814517526018],[68.55376684706235,23.34176588039108]],[[68.55088925393599,23.33965563739784],[68.54971241909297,23.340152859966565],[68.54536724120535,23.339087009557915],[68.55088925393599,23.33965563739784]],[[68.54451477563654,23.338593840233614],[68.54064464573392,23.339386344404346],[68.54172027087392,23.337309003108032],[68.54451477563654,23.338593840233614]],[[68.57465148008183,23.355869055012903],[68.5697114465261,23.35868895033488],[68.57560384234361,23.352183103567427],[68.57465148008183,23.355869055012903]],[[68.47637414964746,23.35508894889597],[68.47379577175761,23.353827237836867],[68.47652018066194,23.353683471315236],[68.47637414964746,23.35508894889597]],[[68.53333294436001,23.371680856086698],[68.53239834280927,23.380624532895894],[68.53503382225321,23.387653946972137],[68.53065347637695,23.384628653689504],[68.53333294436001,23.371680856086698]],[[68.5028227568649,23.378407836252677],[68.50336802031794,23.380966544170747],[68.50299954379406,23.383214831299483],[68.5028227568649,23.378407836252677]],[[68.50397872923506,23.38345825709297],[68.50482022757157,23.38106465301135],[68.50470864778592,23.384600043557185],[68.50397872923506,23.38345825709297]],[[68.52713334552757,23.386265754361148],[68.52731645109347,23.398672938005802],[68.52342510258657,23.40501606503946],[68.52713334552757,23.386265754361148]],[[68.42228746399539,23.40023195773867],[68.42113995514498,23.401344656530796],[68.41338264958964,23.409245729506864],[68.41441774408375,23.403107643403104],[68.42228746399539,23.40023195773867]],[[68.40986335241186,23.407959223239658],[68.40889573135294,23.408231258266056],[68.40974605113942,23.405991434657068],[68.40986335241186,23.407959223239658]],[[68.46280932449085,23.409212469879634],[68.46198666065598,23.406178355147006],[68.46427655222126,23.40516352687527],[68.46280932449085,23.409212469879634]],[[68.46968305153169,23.40526115907531],[68.47592055768766,23.403067946428592],[68.46958005397644,23.405547857547646],[68.46968305153169,23.40526115907531]],[[68.46287274378224,23.402417778857455],[68.46556031735483,23.403510570256685],[68.46045982855836,23.404966115793655],[68.46287274378224,23.402417778857455]],[[68.43060934504527,23.405426263811137],[68.43236243757659,23.40566432514862],[68.42959547005498,23.407141804250898],[68.43060934504527,23.405426263811137]],[[68.53557026425645,23.3807790283295],[68.54299771827024,23.38086712321919],[68.53553903080169,23.385387659013332],[68.53557026425645,23.3807790283295]],[[68.53860616684116,23.375774264270945],[68.5402047630395,23.375833749927693],[68.54033374830394,23.377594232188102],[68.53860616684116,23.375774264270945]],[[68.46246194876008,23.41151607071015],[68.45809221308517,23.411235332045038],[68.46281743008043,23.41086685642037],[68.46246194876008,23.41151607071015]],[[68.40270185490672,23.41811501979234],[68.39859473745727,23.41912233872506],[68.40145075314987,23.415760040693414],[68.40270185490672,23.41811501979234]],[[68.3980487581438,23.421997308528972],[68.40120697032555,23.42647635949652],[68.39955735199035,23.428377509214698],[68.3980487581438,23.421997308528972]],[[68.40657591844396,23.452642202775536],[68.40122425529526,23.454667568653377],[68.40342712396264,23.451969623199574],[68.40657591844396,23.452642202775536]],[[68.45969927280336,23.479186534730843],[68.47292697450044,23.49065256076713],[68.46611225647555,23.497797250842524],[68.45969927280336,23.479186534730843]],[[68.49594140087495,23.44775092596447],[68.50009536760726,23.444876313191344],[68.50147426122831,23.45308554156449],[68.49594140087495,23.44775092596447]],[[68.49942445717309,23.4420200582791],[68.50169277220382,23.443447708644925],[68.50138854954204,23.443605065721272],[68.49942445717309,23.4420200582791]],[[68.49820792715425,23.43449163468125],[68.50123286250667,23.435477376180074],[68.49923837215326,23.436162233300507],[68.49820792715425,23.43449163468125]],[[68.50061964987711,23.43069434177056],[68.50145494918664,23.430264949667787],[68.50192940271992,23.43218207314419],[68.50061964987711,23.43069434177056]],[[68.43927335698001,23.499333858570793],[68.43781805066257,23.498811006223065],[68.43972754519015,23.498693943270922],[68.43927335698001,23.499333858570793]],[[69.63127756141049,22.761951446402207],[69.64903640730441,22.756070017817166],[69.66651713875504,22.750827073710553],[69.64303743822725,22.76459073987087],[69.63127756141049,22.761951446402207]],[[70.24366044957017,22.712593555248418],[70.2463307381731,22.714338660001204],[70.24351954469128,22.720231652069117],[70.24366044957017,22.712593555248418]],[[70.24748980960706,22.688249706958487],[70.24179315572971,22.689337134801036],[70.24282014373475,22.686730146778956],[70.24748980960706,22.688249706958487]],[[70.23505938028617,22.684489250278773],[70.23839092240328,22.6824032071423],[70.23843812961607,22.682733058683766],[70.23505938028617,22.684489250278773]],[[70.23945617656139,22.683708667521046],[70.24335956609124,22.682212353017803],[70.24382126364057,22.68381273706825],[70.23945617656139,22.683708667521046]],[[70.21569335416504,22.645603776393273],[70.22085225572707,22.64327931398921],[70.21605741951444,22.6466703417629],[70.21569335416504,22.645603776393273]],[[69.94926440732658,22.598918080405156],[69.96397507219191,22.599799275716094],[69.94769906985627,22.605378150781036],[69.94926440732658,22.598918080405156]],[[70.18942284598765,22.59988844439627],[70.1908922195004,22.597779154684304],[70.19202852279815,22.598151445233015],[70.18942284598765,22.59988844439627]],[[69.99786865671322,22.588434100553343],[69.96519565545529,22.577589631056725],[69.95792257816461,22.549586653601295],[70.02706515773096,22.567955016810657],[69.99786865671322,22.588434100553343]],[[70.18033957461174,22.581481337493756],[70.18307316289625,22.582512140422978],[70.181023836381,22.58341741598096],[70.18033957461174,22.581481337493756]],[[70.04218351855465,22.56989395604134],[70.04600811038605,22.570064901873764],[70.04407537018236,22.57235801211263],[70.04218351855465,22.56989395604134]],[[70.0409437419602,22.56597304322142],[70.03875994701409,22.566156148787343],[70.03920590912557,22.564312100623027],[70.0409437419602,22.56597304322142]],[[70.01706922016845,22.557723044982623],[70.02447140233349,22.555068969357507],[70.02496075673369,22.557214141119772],[70.01706922016845,22.557723044982623]],[[70.02393507994006,22.553116678791753],[70.01994454880199,22.54789006727279],[70.02428245567089,22.55286514740874],[70.02393507994006,22.553116678791753]],[[70.00488281289151,22.548828124918117],[70.00111150769001,22.552035808805613],[69.99612784352522,22.54864704642415],[70.00488281289151,22.548828124918117]],[[69.95327675331961,22.536951660890537],[69.93991291494913,22.54809355777155],[69.93892180899437,22.538683772238386],[69.95327675331961,22.536951660890537]],[[69.95984005957118,22.5435080531542],[69.95464193857461,22.536259055211303],[69.96364486182105,22.541922450360886],[69.95984005957118,22.5435080531542]],[[69.95566475372547,22.5360330339974],[69.95255935153293,22.532757043902564],[69.95749604680523,22.535596132555526],[69.95566475372547,22.5360330339974]],[[69.93617105445068,22.533063649767684],[69.91660284994165,22.552746176994503],[69.89496874800946,22.52285110959116],[69.862406611576,22.527551650987988],[69.9154735802417,22.511748075113644],[69.93617105445068,22.533063649767684]],[[69.94360923737648,22.53044974775773],[69.94736063518522,22.531022548451915],[69.94396185885276,22.53239190566194],[69.94360923737648,22.53044974775773]],[[69.36381447335933,22.512421846291232],[69.34857821501274,22.527094125393575],[69.31570374942865,22.522968053832642],[69.3476475479961,22.503981948108418],[69.36381447335933,22.512421846291232]],[[69.40342271348752,22.531917214707732],[69.40599107742636,22.525654434904368],[69.40516471827729,22.532500505094305],[69.40342271348752,22.531917214707732]],[[69.08594083779954,22.488616943717034],[69.08677315675581,22.486754655503006],[69.08909285095447,22.49047040958183],[69.08594083779954,22.488616943717034]],[[72.78600382791436,19.50446414990067],[72.78894364873057,19.503527164247245],[72.78907012938302,19.503991842149887],[72.78600382791436,19.50446414990067]],[[72.81250822547426,19.503588437756264],[72.81641352156689,19.49181902452844],[72.82735180833939,19.50633633155651],[72.81250822547426,19.503588437756264]],[[72.7283345463023,19.461517572378156],[72.73667395154175,19.465618133769937],[72.72646164878611,19.46717107318655],[72.7283345463023,19.461517572378156]],[[72.86539077736253,19.32398700739452],[72.86478066469599,19.32530224340387],[72.86061692233321,19.325976848253006],[72.86539077736253,19.32398700739452]],[[72.87352323510922,19.32464730762723],[72.85940766333314,19.33593750001569],[72.83547794834865,19.33593750001569],[72.83555424233455,19.332925677677935],[72.87352323510922,19.32464730762723]],[[72.86200785607784,19.323187232205058],[72.85777211219337,19.32303774329732],[72.86537563817521,19.320608854315196],[72.86200785607784,19.323187232205058]],[[72.78039872681987,19.133215070019517],[72.78333985794822,19.134651660545785],[72.78152954605176,19.13534724747757],[72.78039872681987,19.133215070019517]],[[72.84207713575134,18.70792937244265],[72.84203493596365,18.705081820269925],[72.84258973582777,18.70843815759497],[72.84207713575134,18.70792937244265]],[[72.81413531309428,18.704963206886532],[72.81316781074591,18.702324033027793],[72.81520771956073,18.703099727970113],[72.81413531309428,18.704963206886532]],[[72.86353635821646,18.632812500296723],[72.86553943169955,18.634063839474692],[72.86480724775637,18.635597467749022],[72.86353635821646,18.632812500296723]],[[72.9636981487507,18.298435568546765],[72.96569395031568,18.30099988014041],[72.9630379681278,18.300323366929888],[72.9636981487507,18.298435568546765]],[[73.08264863482671,17.817885756922237],[73.08606565030968,17.81684911289632],[73.08413076432348,17.818638443609345],[73.08264863482671,17.817885756922237]],[[73.30240452295047,16.982833027921956],[73.30223762946312,16.9798120262041],[73.30451130894986,16.97919452200965],[73.30240452295047,16.982833027921956]],[[73.44291114783121,16.100774645733352],[73.44447577034063,16.10113823444209],[73.4427416328202,16.10267853748462],[73.44291114783121,16.100774645733352]],[[73.45724582683354,16.041000247263653],[73.46225154417343,16.043721557104234],[73.4591387513523,16.045529126967722],[73.45724582683354,16.041000247263653]],[[73.46546411497698,15.894621610598904],[73.46739244490547,15.89507126802468],[73.46572494535005,15.895969033344286],[73.46546411497698,15.894621610598904]],[[73.46181392687137,15.889075755941434],[73.46428084368611,15.886848926636759],[73.46429336045034,15.889366626368826],[73.46181392687137,15.889075755941434]],[[73.45665824398284,15.888783812622847],[73.45480740054123,15.888532399950392],[73.45644950863792,15.886868238678403],[73.45665824398284,15.888783812622847]],[[73.79300034009364,15.374884963170615],[73.79944670210378,15.3779392245157],[73.7949502465568,15.378936051957268],[73.79300034009364,15.374884963170615]],[[73.78045260950043,15.35577774035049],[73.7609015703512,15.352567672360223],[73.78481066208244,15.351663947233405],[73.78045260950043,15.35577774035049]],[[74.09460997576988,14.877629041247303],[74.09725725611762,14.876992821261808],[74.0971130129553,14.878175377591646],[74.09460997576988,14.877629041247303]],[[74.09739851982599,14.842818379364758],[74.10165977477888,14.844546079537992],[74.09653341788302,14.845576644146846],[74.09739851982599,14.842818379364758]],[[74.14188802281402,14.842849611920144],[74.14422667022475,14.841819048210567],[74.14485931360653,14.842910408788384],[74.14188802281402,14.842849611920144]],[[74.09314775456531,14.83621847610192],[74.09471046961264,14.836956143211438],[74.09385120876632,14.838512659231867],[74.09314775456531,14.83621847610192]],[[74.05849742921313,14.821452736754509],[74.05851101886847,14.819084406320343],[74.06209027744441,14.820711254720692],[74.05849742921313,14.821452736754509]],[[74.06352424644686,14.82121574920751],[74.06497097053389,14.819342136730256],[74.06540715701479,14.819961547487509],[74.06352424644686,14.82121574920751]],[[74.05497717875389,14.815956950053234],[74.05543696884106,14.817046642388704],[74.05438935758295,14.816174745168425],[74.05497717875389,14.815956950053234]],[[74.08739352249316,14.793651938586166],[74.08866143257913,14.795321345603668],[74.08637964750287,14.795334339008605],[74.08739352249316,14.793651938586166]],[[74.11044514212963,14.761590957456733],[74.1119971273657,14.754969477659301],[74.12016642134333,14.753499865826186],[74.11044514212963,14.761590957456733]],[[74.1524056193239,14.741763949646597],[74.15838944921373,14.738997459665143],[74.15267193286357,14.742193222139534],[74.1524056193239,14.741763949646597]],[[74.23803424868171,14.710029720994882],[74.2411054370663,14.710183978108176],[74.23995101422807,14.711319446835049],[74.23803424868171,14.710029720994882]],[[74.25261306753916,14.703774214008874],[74.25516676893139,14.705319046936495],[74.25143384949266,14.704650878535347],[74.25261306753916,14.703774214008874]],[[74.40244746248052,14.315270304281185],[74.40452921405202,14.312707066478012],[74.4052248000846,14.313698053722277],[74.40244746248052,14.315270304281185]],[[74.3235223292921,14.01584994761707],[74.33062255418767,14.01772522923595],[74.32492852183398,14.020673155641688],[74.3235223292921,14.01584994761707]],[[74.47925031165269,14.010347128217461],[74.48280394044954,14.006703376559642],[74.48314476012271,14.01080644166403],[74.47925031165269,14.010347128217461]],[[74.6762777569131,13.633819938039835],[74.67659234965728,13.631118535592051],[74.67919254330135,13.634163737166787],[74.6762777569131,13.633819938039835]],[[74.67053961730952,13.380144834716447],[74.67491447912002,13.380440831279344],[74.67121744173161,13.383011817641375],[74.67053961730952,13.380144834716447]],[[74.68181335929924,13.343100547352421],[74.68725943597431,13.341993927977441],[74.68193566799678,13.348557234228991],[74.68181335929924,13.343100547352421]],[[74.68587624988916,13.336943626747072],[74.69006204632646,13.335516333412087],[74.6880288122799,13.341090321561182],[74.68587624988916,13.336943626747072]],[[74.68981647475059,13.330722928020805],[74.69241523757321,13.33159005613625],[74.68995094318163,13.334054946778423],[74.68981647475059,13.330722928020805]],[[74.69891202457038,13.280940770899946],[74.70144772513251,13.27941966028915],[74.70018923274702,13.284384727373379],[74.69891202457038,13.280940770899946]],[[74.6703406575954,13.198462009813966],[74.67621517219257,13.194534063396418],[74.67041003669394,13.199806212986388],[74.6703406575954,13.198462009813966]],[[74.93239402766235,12.603298545191748],[74.93280518061468,12.603692054344918],[74.93224430043423,12.603630423805043],[74.93239402766235,12.603298545191748]],[[75.12372910971075,12.19182503219956],[75.15707647839682,12.110222935640067],[75.12567377132766,12.204995870662984],[75.12372910971075,12.19182503219956]],[[75.12939393478237,12.195009470410739],[75.13145947427549,12.195777654215476],[75.12996757004734,12.198014259150781],[75.12939393478237,12.195009470410739]],[[75.132176876062,12.189013362077063],[75.13371396043104,12.18990135176604],[75.13139295592023,12.191303848993456],[75.132176876062,12.189013362077063]],[[75.13522744209288,12.181747555805131],[75.1435623165477,12.167852044536303],[75.1506483555373,12.146984338556393],[75.15189242369647,12.159411072563003],[75.13522744209288,12.181747555805131]],[[75.14981710947208,12.139405131141928],[75.16200625878199,12.134116649863515],[75.15231525884221,12.142575978798448],[75.14981710947208,12.139405131141928]],[[75.16304397569908,12.115269779876542],[75.16581141986129,12.103352546882604],[75.16853713997719,12.096144437515804],[75.16304397569908,12.115269779876542]],[[75.16479241873523,12.101284265356554],[75.16429233542303,12.08948290371309],[75.18187594391983,12.050267339066565],[75.16479241873523,12.101284265356554]],[[72.70706105272544,11.680313348582203],[72.71667361289693,11.692222714306908],[72.71701455128058,11.701821804432782],[72.71374905087808,11.706271171477454],[72.70706105272544,11.680313348582203]],[[72.18562316857438,11.596457958368205],[72.18928825844651,11.59827303846997],[72.18506562667747,11.60086846390854],[72.18562316857438,11.596457958368205]],[[72.99918341638167,11.497804045820075],[73.0075261590051,11.46765553957151],[73.00937223424128,11.485795259143984],[72.99918341638167,11.497804045820075]],[[73.00253796585454,11.485297441223935],[73.00109314922955,11.485073208761648],[73.00188136093621,11.484421849588742],[73.00253796585454,11.485297441223935]],[[72.77813243886109,11.240578532373448],[72.7614705563212,11.180041312756444],[72.79009544824643,11.259667038503153],[72.77813243886109,11.240578532373448]],[[72.1059161423162,11.209688305770769],[72.10376441449617,11.208757520043605],[72.10395181162696,11.208243608755595],[72.1059161423162,11.209688305770769]],[[72.10444855665563,11.212866425345297],[72.10335206994213,11.214707136125455],[72.10009026485395,11.214670657824627],[72.10444855665563,11.212866425345297]],[[72.71624541239592,11.124900341077975],[72.72895467291991,11.11959850756513],[72.73294556108888,11.135556102232385],[72.71624541239592,11.124900341077975]],[[72.33235013515062,10.958286762324278],[72.33403301221384,10.95632266995527],[72.33427262308314,10.95807814568991],[72.33235013515062,10.958286762324278]],[[72.31508362311084,10.948352217880654],[72.31771266430812,10.943667530632126],[72.32650673349909,10.953086853475611],[72.31508362311084,10.948352217880654]],[[72.29087603110398,10.93603122256296],[72.28577053578167,10.94463765630286],[72.2844760417361,10.935268402315018],[72.29087603110398,10.93603122256296]],[[72.17138767220345,10.81725943087811],[72.20369005205433,10.868684053126614],[72.20621585827539,10.877372741558816],[72.19435501097499,10.87010002129901],[72.17138767220345,10.81725943087811]],[[73.67716681969304,10.82148611589156],[73.66231286494693,10.80845415613446],[73.7025213242998,10.815747737967797],[73.67716681969304,10.82148611589156]],[[72.16927492639687,10.812215447385014],[72.16538846480583,10.81273972965488],[72.16524970570944,10.812225461336013],[72.16927492639687,10.812215447385014]],[[72.61734843288392,10.540567040436656],[72.6488844158832,10.562008619102556],[72.64591455501281,10.576516509329508],[72.63904607281816,10.576290846045794],[72.61734843288392,10.540567040436656]],[[76.17342483998439,10.183799028502406],[76.22395157820281,9.97815465891044],[76.24495184425226,9.97240304926136],[76.23044204746267,10.01716995263125],[76.23892021179839,10.0302734372694],[76.20630455041479,10.133818268698178],[76.19944572424086,10.14372611047169],[76.19343280757815,10.161987543390495],[76.18579864529127,10.165151357449233],[76.17771065272458,10.174209356077014],[76.17342483998439,10.183799028502406]],[[76.193686366033,10.163390040617912],[76.23928225007589,10.075507879285226],[76.22599112998674,10.126833916052433],[76.25899124165258,10.091080546130343],[76.2602777479199,10.04743707136383],[76.24069702664653,10.070729374760887],[76.25464642079575,10.039036631835131],[76.25458204732368,10.047304749614625],[76.25986301926307,10.042833447205851],[76.26757204561349,10.0572917461173],[76.27911937216143,10.060988306864942],[76.28459107861542,10.095860719796391],[76.29544568077367,10.094760536869316],[76.30393505066215,10.076759934323547],[76.3300004000985,10.081976532790776],[76.34803724262471,10.113687038226317],[76.3561699386918,10.116567253775756],[76.32862746718402,10.150733828403574],[76.29288685324585,10.135602712495256],[76.20932555213264,10.19349801532124],[76.17722725903084,10.182734727625643],[76.18033194536306,10.17282950917459],[76.193686366033,10.163390040617912]],[[76.24094712720822,10.173854946748463],[76.23965895179927,10.180464148101947],[76.23348700981771,10.182256341357174],[76.24094712720822,10.173854946748463]],[[76.26850581169387,10.05709636210753],[76.27881944196369,10.047316670128268],[76.27881395789788,10.059309601756766],[76.26850581169387,10.05709636210753]],[[76.2599166629237,10.041476845979744],[76.2498303650793,10.02998733504748],[76.2677990201087,9.98249924144693],[76.25764811047193,10.025758147220785],[76.25998115510632,10.03399884736892],[76.2691583633679,10.037318944713618],[76.2599166629237,10.041476845979744]],[[76.25952506033335,10.028893709077522],[76.25926256171786,10.025230050026806],[76.26151025259608,10.029838323679797],[76.25952506033335,10.028893709077522]],[[76.26809942694715,9.996944546953358],[76.27002584941349,9.99980902706504],[76.26774084566361,10.002851009066887],[76.26809942694715,9.996944546953358]],[[76.25867974797214,9.989825844587102],[76.24002325546903,10.013749838084664],[76.2505532500326,9.976335644274641],[76.25867974797214,9.989825844587102]],[[76.24390184889128,9.978373050276147],[76.24323797205491,9.979272842667669],[76.24356126753847,9.978288650700733],[76.24390184889128,9.978373050276147]],[[76.25052642865185,10.013885736437672],[76.25377881514035,10.012426853516544],[76.2528580424648,10.016992211521426],[76.25052642865185,10.013885736437672]],[[76.24790883042832,10.090642452187524],[76.24271404771528,10.100682735320063],[76.23822236037367,10.101825475965015],[76.24790883042832,10.090642452187524]],[[76.26900422586445,9.972484231062467],[76.27249586619135,9.971611857201495],[76.27239573027882,9.97286117110626],[76.26900422586445,9.972484231062467]],[[72.28699910682346,10.0408544539699],[72.28392124187192,10.04330885402048],[72.28159892525034,10.038569450220052],[72.28699910682346,10.0408544539699]],[[73.65149581398069,10.104480743191829],[73.63553667068092,10.071556330160604],[73.64217054853205,10.056926965806895],[73.64774084046749,10.060872435514554],[73.65149581398069,10.104480743191829]],[[73.63355505502184,10.068709254628473],[73.62984931489413,10.068457841955919],[73.63058245211849,10.067352056252474],[73.63355505502184,10.068709254628473]],[[73.62798082855241,10.071707606021334],[73.62862729991011,10.075184941731735],[73.62559914588391,10.07301855046579],[73.62798082855241,10.071707606021334]],[[72.33173525337932,10.127813338914535],[72.32624554609524,10.126991033909121],[72.33151435830112,10.124673128462163],[72.33173525337932,10.127813338914535]],[[73.65850460570314,10.153877138818913],[73.66515982176841,10.14124822642458],[73.66073191164853,10.155900001883694],[73.65850460570314,10.153877138818913]],[[76.25787615785842,9.968381762208594],[76.2675652503361,9.93926513178046],[76.29392397391243,9.925562262488498],[76.27481365202854,9.965971946947832],[76.25787615785842,9.968381762208594]],[[73.04696357291064,8.276279210717036],[73.01792764674357,8.276493072197567],[73.04929530633345,8.266770601382191],[73.06720495234677,8.285853743955187],[73.0805292133526,8.327750325217366],[73.04696357291064,8.276279210717036]],[[73.0128511194836,8.278690457698588],[73.00994765735865,8.28023481398553],[73.0108081098065,8.277224063639693],[73.0128511194836,8.278690457698588]],[[77.55393850785592,8.076930403915085],[77.55603921443836,8.078751802653684],[77.55344510111067,8.078108310750011],[77.55393850785592,8.076930403915085]],[[78.11746144329103,8.641844511415158],[78.12464404069001,8.64957392179916],[78.11699426167596,8.656600951772532],[78.11746144329103,8.641844511415158]],[[78.12652575965618,8.64712250210188],[78.127724766385,8.643368244449036],[78.12750053392264,8.647515058872884],[78.12652575965618,8.64712250210188]],[[78.21216905156061,8.838602423563074],[78.21026062992425,8.835546851006413],[78.2127839324327,8.836599350079993],[78.21216905156061,8.838602423563074]],[[78.22641265352118,8.872029423619097],[78.22310805329411,8.872487544564635],[78.22688496127196,8.8671965595737],[78.22641265352118,8.872029423619097]],[[78.25538528000683,8.955329537328325],[78.25206506215304,8.953165054423778],[78.25453686678307,8.952892541857395],[78.25538528000683,8.955329537328325]],[[78.49517631503508,9.090590953609706],[78.48810791984468,9.090145349428411],[78.49319624890782,9.085764766131149],[78.49517631503508,9.090590953609706]],[[78.58630657219058,9.109225035007427],[78.57700765148209,9.110685945000412],[78.57191026174931,9.102339744483743],[78.58630657219058,9.109225035007427]],[[78.53802907438242,9.102978229861463],[78.5349657532669,9.10287511359563],[78.53493750106489,9.102483153075141],[78.53802907438242,9.102978229861463]],[[78.69612407686472,9.151046633495469],[78.6949919464212,9.155249356972348],[78.69298624961576,9.151604056681933],[78.69612407686472,9.151046633495469]],[[78.72920310493944,9.152183771363966],[78.73204135902162,9.15535390405951],[78.73010492350355,9.15629625326956],[78.72920310493944,9.152183771363966]],[[78.8149396178691,9.158193826384021],[78.82869994664534,9.165833234416326],[78.82810437691555,9.171223402038436],[78.8149396178691,9.158193826384021]],[[79.43960762019563,9.158230543005232],[79.32602095610233,9.261819720004155],[79.32112944097108,9.32474541666771],[79.20536053146347,9.280184149578886],[79.21624565121587,9.252465606102916],[79.29895305593894,9.246436357751762],[79.43960762019563,9.158230543005232]],[[78.8990345002421,9.179097771445086],[78.93121433217576,9.181432246900783],[78.9410419463288,9.185239910793328],[78.90518343486767,9.183230638283362],[78.8990345002421,9.179097771445086]],[[78.96543955788943,9.188443303116017],[78.97083735446049,9.185848116897205],[78.96695756943635,9.18919932808656],[78.96543955788943,9.188443303116017]],[[79.08659434345427,9.19174134728543],[79.0692342515595,9.20812225373912],[79.05842936032676,9.197095155317186],[79.08659434345427,9.19174134728543]],[[79.13954734823156,9.212107300811354],[79.1389346122426,9.213855862558034],[79.13867783511407,9.213376522108845],[79.13954734823156,9.212107300811354]],[[79.1299420590789,9.212963223374132],[79.12461698078911,9.217942238043946],[79.12112546007202,9.2160489555949],[79.1299420590789,9.212963223374132]],[[79.19837164893252,9.232491255167346],[79.19835531724416,9.233603835248843],[79.17878031745775,9.243932128065296],[79.19837164893252,9.232491255167346]],[[79.21898555723774,9.250836968051658],[79.20101022744021,9.241143941939413],[79.22245335563801,9.247633814948628],[79.21898555723774,9.250836968051658]],[[79.23135423640892,9.24381494550343],[79.23834967589696,9.244005441697794],[79.2316844467799,9.244496822270648],[79.23135423640892,9.24381494550343]],[[79.84435665583507,10.826477408105944],[79.84018695366504,10.823843955734048],[79.84542870527062,10.82565462556056],[79.84435665583507,10.826477408105944]],[[80.21183502676521,15.49953460683669],[80.20939421637016,15.49954557406906],[80.21169555180828,15.499222158975513],[80.21183502676521,15.49953460683669]],[[80.84929275555626,15.711184621173459],[80.9259870052961,15.723746418962094],[80.87237155450376,15.784988164772045],[80.86276245132623,15.823778868100348],[80.83448016602685,15.739764451668194],[80.84929275555626,15.711184621173459]],[[80.83076620069974,15.737194180267238],[80.80321085449751,15.743926167858433],[80.78245067595807,15.792279243792123],[80.79751074272676,15.743798255485203],[80.82492279994742,15.711964249750437],[80.83076620069974,15.737194180267238]],[[80.86868011989165,15.81337273086693],[80.93927705249402,15.718378663344765],[81.0063488486206,15.757906556242645],[80.90069484708962,15.827383756455276],[80.88372635868458,15.848832010788755],[80.86868011989165,15.81337273086693]],[[80.8785592319231,15.849280357002954],[80.88922131081486,15.857328533884782],[80.88838183865099,15.863644004067595],[80.8785592319231,15.849280357002954]],[[80.96702003504672,15.795392632863752],[80.96928465386381,15.795013308717259],[80.96478331050147,15.797813653677267],[80.96702003504672,15.795392632863752]],[[80.97440183137948,15.780746936821771],[80.97417104285935,15.781749724969856],[80.97205305130743,15.782214880412454],[80.97440183137948,15.780746936821771]],[[81.02961385219768,15.764945745050213],[81.02061867751004,15.758254408614164],[81.02058756366515,15.757638454850891],[81.02396953076928,15.757997154844858],[81.02961385219768,15.764945745050213]],[[80.8912103180019,15.766003012329193],[80.89038670088561,15.765206455813328],[80.89278614516454,15.76338446172359],[80.8912103180019,15.766003012329193]],[[80.88367271412457,15.779161334028444],[80.87889420960025,15.782232642022862],[80.8830211166314,15.777773857277793],[80.88367271412457,15.779161334028444]],[[81.71896266899208,16.310489654473997],[81.94785737961453,16.397876620309816],[81.9599752423637,16.44014990329549],[81.95654714093794,16.473613143331946],[81.96524107421632,16.51353240049997],[81.94262194664569,16.54175901416727],[81.93627595886849,16.561902761403374],[81.91901981870981,16.562029599986133],[81.92218053370479,16.530580878204987],[81.9105701448963,16.52343750024056],[81.88935577904599,16.541993022260257],[81.87242996706945,16.591506838769703],[81.8723907467357,16.555617332174194],[81.85389900193755,16.487941145767294],[81.79524970031352,16.464962601443005],[81.75568294501196,16.41462826688104],[81.71224272242384,16.440648317465957],[81.71896266899208,16.310489654473997]],[[81.81634104250512,16.47572565081822],[81.80134975948394,16.474129080792522],[81.7995301485976,16.471406579350273],[81.81634104250512,16.47572565081822]],[[81.83409893511785,16.480962752928775],[81.82145285646416,16.487656236046504],[81.8130290507502,16.481173753665928],[81.83409893511785,16.480962752928775]],[[81.8529657124977,16.52194511847253],[81.84661912936943,16.52838647395663],[81.85015463862581,16.519130945536773],[81.8529657124977,16.52194511847253]],[[81.87066984183988,16.55803382400181],[81.8643660547497,16.602805137647053],[81.85836625110167,16.542708158654634],[81.87066984183988,16.55803382400181]],[[81.8413143155033,16.677714943589862],[81.8743606802013,16.61428415798754],[81.89332914392494,16.5785932540755],[81.90111064933708,16.534905075808624],[81.91618704779412,16.529854774578254],[81.91265130021745,16.564198136135175],[81.92119264642358,16.569475412760198],[81.93240034579944,16.56745791415149],[81.97399437444088,16.51347506062561],[81.96043705952277,16.40387415856563],[82.31086564063693,16.570189714583762],[82.26795184610094,16.564098119832465],[82.29959952849552,16.59145033346624],[82.26562499959422,16.594586968214088],[82.29234421281527,16.60825824702053],[82.26562499959422,16.642299055956727],[82.23675143702926,16.635676026627394],[82.22686624558091,16.64104580841746],[82.20694923362035,16.61694860459454],[82.19812715054772,16.61245906393468],[82.1922290323441,16.60217654661041],[82.18807864221557,16.60145604575996],[82.16266345945118,16.60985851325988],[82.15593695682517,16.61704850218669],[82.15617883218741,16.6203031540674],[82.1639815571032,16.62554335614101],[82.15903413291906,16.637901068079913],[82.15744042363676,16.651860356570282],[82.16107010809915,16.668781042411283],[82.14168083630162,16.684140920667062],[82.07935404765132,16.662697314929233],[82.05028772349974,16.670626163466693],[82.03646600250411,16.684237003335113],[81.99860632412262,16.69084823176054],[81.97642231014154,16.70332002629827],[81.95147776598614,16.691704154323318],[81.92404854340558,16.724706530482052],[81.85765171095781,16.762654542972882],[81.8232134583345,16.794029354870915],[81.7654224633761,16.884932756241753],[81.7532556055618,16.945825576788977],[81.76043164690313,16.787946939499733],[81.8003232481195,16.737989544981573],[81.80263793489294,16.697375178421808],[81.8413143155033,16.677714943589862]],[[81.83122003077992,16.677146912000453],[81.8225828411253,16.673856616389813],[81.83669996243341,16.664875745419366],[81.83122003077992,16.677146912000453]],[[81.75846874703515,16.79980373355555],[81.7495717998988,16.79554712809758],[81.75520372417267,16.786999940794672],[81.75846874703515,16.79980373355555]],[[81.75876522023881,16.80757582216647],[81.75532901322353,16.80732512445499],[81.75825810422813,16.805605054130055],[81.75876522023881,16.80757582216647]],[[81.73522055178714,16.916733145318446],[81.72996902455085,16.915564656184017],[81.73180866243999,16.910155534450382],[81.73522055178714,16.916733145318446]],[[81.7449562552271,16.933464049926044],[81.74122786477429,16.942901849340913],[81.74152517344814,16.92918944363791],[81.7449562552271,16.933464049926044]],[[81.7334535125697,16.93877685067116],[81.73179984099002,16.940714955331032],[81.73313462736112,16.93863832989507],[81.7334535125697,16.93877685067116]],[[81.74710845968778,16.949100613602454],[81.75161600117761,16.949027657900174],[81.74953985238236,16.957350850161717],[81.74710845968778,16.949100613602454]],[[81.74549210097976,16.95199930662274],[81.74794507020883,16.960887908949886],[81.75026416815697,16.96708345453783],[81.74706840478322,16.96341085442748],[81.74549210097976,16.95199930662274]],[[81.75115442233883,16.956221580461644],[81.76331865772997,16.9694987538645],[81.75674271600363,16.995278835649827],[81.75773680231165,16.98151814894345],[81.75115442233883,16.956221580461644]],[[81.75132405785914,16.993807435065165],[81.74739682640248,16.992129326207518],[81.74802982771453,16.986912011879923],[81.75132405785914,16.993807435065165]],[[81.77300190911089,16.977838754454993],[81.77668595309436,16.984603643743284],[81.7737765311621,16.98763740054568],[81.77300190911089,16.977838754454993]],[[81.76557540927783,16.958468914309023],[81.76355564617623,16.934838652881595],[81.76679623086139,16.932677030720427],[81.76557540927783,16.958468914309023]],[[81.76327681497312,16.943031072925734],[81.75974035243533,16.94292354548527],[81.76167416553048,16.939353346679695],[81.76327681497312,16.943031072925734]],[[81.76444673582827,16.952399850272897],[81.76256275146997,16.9506331680863],[81.76340925723153,16.94952034968452],[81.76444673582827,16.952399850272897]],[[81.79610550416575,16.863851308391247],[81.77595102801766,16.897717833211487],[81.78124332422018,16.923879146605415],[81.7689784762758,16.906079769166084],[81.79610550416575,16.863851308391247]],[[81.7869634629935,16.889648437725285],[81.78975963599842,16.887937069240394],[81.7876844404847,16.890705347074203],[81.7869634629935,16.889648437725285]],[[81.79337692240713,16.874999999650313],[81.80506324727108,16.86771714672895],[81.79436206855476,16.878295421396643],[81.79337692240713,16.874999999650313]],[[81.82165086289703,16.824920058114273],[81.8234695196027,16.822875380194773],[81.82085585591304,16.83123612364824],[81.82165086289703,16.824920058114273]],[[81.8299216030995,16.810109376946215],[81.83229410638799,16.813002109259983],[81.83102035520531,16.814068674629695],[81.8299216030995,16.810109376946215]],[[81.8792245384818,16.756365180109043],[81.88577580460978,16.75983715046418],[81.87319755552286,16.760433673475333],[81.84994351827882,16.775436401268934],[81.8792245384818,16.756365180109043]],[[81.8716237545328,16.76576602458249],[81.87253701696986,16.767279624954824],[81.86960661385424,16.76734995823402],[81.8716237545328,16.76576602458249]],[[81.90890085658933,16.7417211532087],[81.88526976149038,16.75404095692464],[81.89095890512951,16.74842727180122],[81.90890085658933,16.7417211532087]],[[82.00309073954614,16.721138357849043],[82.01277792456173,16.71192038062111],[82.02063715478087,16.710616350164514],[82.00309073954614,16.721138357849043]],[[81.9797927137628,16.71145093451308],[81.96196115048681,16.711552858277884],[81.94519841707339,16.717477440831246],[81.95326554806664,16.704414725159523],[81.9797927137628,16.71145093451308]],[[81.99126040894086,16.702414035779128],[81.9982326027525,16.69205904029255],[82.01568055121655,16.690147042052374],[81.98371505740405,16.7089903354357],[81.99126040894086,16.702414035779128]],[[82.03355991795596,16.686604022557603],[82.04550993483568,16.677608132009752],[82.03771925004352,16.69094455274896],[81.99170875515497,16.71002805235281],[82.03355991795596,16.686604022557603]],[[82.05716145054063,16.67485547090331],[82.0824296472106,16.664196014434623],[82.11624324333113,16.693153500833418],[82.14232265906358,16.688102125812563],[82.1564681530829,16.70803952180654],[82.17593514878811,16.711212873175597],[82.11231374738159,16.708416461850334],[82.05716145054063,16.67485547090331]],[[82.09240877644405,16.700876474769515],[82.09072876012428,16.706595301432046],[82.0860538485064,16.702655076570636],[82.09240877644405,16.700876474769515]],[[82.08547401421444,16.70580673179535],[82.08331835275985,16.709105968465792],[82.0837713475697,16.706850051488743],[82.08547401421444,16.70580673179535]],[[82.08511757871341,16.714346408859768],[82.09214890025166,16.71186995473471],[82.0915038588162,16.71838724627449],[82.08511757871341,16.714346408859768]],[[82.12859904780791,16.7176706790587],[82.13288474093807,16.71098125008467],[82.13655793639973,16.71468424817958],[82.12859904780791,16.7176706790587]],[[82.13535606892745,16.716631531320175],[82.13749146505918,16.71898674963886],[82.13423562067752,16.718415618086325],[82.13535606892745,16.716631531320175]],[[82.17630004870844,16.72183120274792],[82.19010281559255,16.71326434637251],[82.1974420551069,16.715763568633918],[82.17630004870844,16.72183120274792]],[[82.21490514275823,16.720715046062622],[82.217658519725,16.716091513612568],[82.2216073277161,16.717656254832363],[82.21490514275823,16.720715046062622]],[[82.22781693960016,16.71610951444255],[82.23351097105459,16.716212153168414],[82.22335660442386,16.720309972527275],[82.22781693960016,16.71610951444255]],[[82.24739015063497,16.705530047273925],[82.14245021350669,16.685049414898643],[82.16299200068042,16.669353008534642],[82.16660881044837,16.627577066828238],[82.15741264807534,16.616710543257057],[82.19126725238195,16.60267853738469],[82.1971551183141,16.614212155566634],[82.22391986870704,16.641162157307804],[82.25876533974863,16.643483161818523],[82.25396895400414,16.656562209178688],[82.26146185438111,16.66805434253395],[82.24739015063497,16.705530047273925]],[[82.3103109594833,16.701142907019545],[82.25794208056263,16.701593756946366],[82.26591587092085,16.671456456250553],[82.2558056115399,16.655573129396444],[82.31107533016248,16.602469920750323],[82.3096685413702,16.650774240838615],[82.31454622762644,16.64747774620109],[82.31252896823744,16.638473510843937],[82.31855964651058,16.628757834406613],[82.36811673659818,16.723721503944375],[82.34008443315017,16.71817600721704],[82.35301971398869,16.706941723881528],[82.33694934883349,16.69118344775798],[82.33185493945396,16.724700451065075],[82.3103109594833,16.701142907019545]],[[82.30744516816011,16.713289141580717],[82.30221891367208,16.71423757110709],[82.30045294734569,16.71146190174545],[82.30744516816011,16.713289141580717]],[[82.31407105913209,16.719722867216603],[82.30936157667546,16.720345735867042],[82.31007385232655,16.71902096254746],[82.31407105913209,16.719722867216603]],[[82.26352024066662,16.673938631862455],[82.26082944842037,16.675859570263057],[82.26205790075167,16.66982412378438],[82.26352024066662,16.673938631862455]],[[82.15749645229945,16.695927501053433],[82.15499997117175,16.70412707340573],[82.15101635492093,16.693586826570836],[82.15749645229945,16.695927501053433]],[[82.18156266188745,16.709247469595084],[82.17707824736337,16.709455728299233],[82.18111753434684,16.70802795922303],[82.18156266188745,16.709247469595084]],[[82.0976076124015,16.711441278492302],[82.09384465200915,16.71082603968999],[82.09650576123201,16.70852529960301],[82.0976076124015,16.711441278492302]],[[81.98942995043203,16.702909231276095],[81.9858914617217,16.7036339040815],[81.98554432431123,16.70130825007577],[81.98942995043203,16.702909231276095]],[[81.98829114432093,16.71225905451182],[81.9889649154986,16.71453964708705],[81.98399555684958,16.713119745280082],[81.98829114432093,16.71225905451182]],[[82.3154282566089,16.575721502045724],[82.31693410842237,16.573897362173597],[82.31711053832069,16.576374173329498],[82.3154282566089,16.575721502045724]],[[81.96053910289734,16.471309900431635],[81.9599534275088,16.47404825692155],[81.9601998327561,16.47099363764633],[81.96053910289734,16.471309900431635]],[[81.96750140146852,16.494856357634873],[81.96182465588319,16.493139148053316],[81.96212065244626,16.486108421866206],[81.96750140146852,16.494856357634873]],[[81.9661978485519,16.501297354289562],[81.97154855752004,16.50299251069592],[81.96889054736104,16.50924694569011],[81.9661978485519,16.501297354289562]],[[81.95784306490563,16.529995441136748],[81.95295691512965,16.53158676631628],[81.95793497561871,16.528859734089494],[81.95784306490563,16.529995441136748]],[[81.94778406598195,16.543462037842858],[81.94466447788344,16.540611148285905],[81.95012915163917,16.53591704333698],[81.94778406598195,16.543462037842858]],[[81.92401742956085,16.56682872776362],[81.921057701352,16.566549777850042],[81.92088007895265,16.56567382828463],[81.92401742956085,16.56682872776362]],[[81.91406250018437,16.563058018812583],[81.91577005374504,16.56070792662959],[81.91804015662805,16.564973831077495],[81.91406250018437,16.563058018812583]],[[81.89545452610562,16.550533771316594],[81.89127004177911,16.548778653512088],[81.89235854161356,16.543312073193633],[81.89545452610562,16.550533771316594]],[[83.1720217469061,17.567001819178657],[83.17077124139982,17.566629767849633],[83.17097520853909,17.565876364402797],[83.1720217469061,17.567001819178657]],[[83.31188070792845,17.684654951364962],[83.29822397205882,17.679165124470998],[83.304064750388,17.68051707710147],[83.31188070792845,17.684654951364962]],[[83.3041497471132,17.682352066394785],[83.30295944222459,17.682873964561864],[83.30318510550822,17.682551264429378],[83.3041497471132,17.682352066394785]],[[85.05222225185551,19.370833158623455],[85.04916656058836,19.374166608202486],[85.04472208045965,19.375555514875188],[85.05083334428352,19.36805546308925],[85.05833315864837,19.36861097791433],[85.05222225185551,19.370833158623455]],[[85.04859554774637,19.369102716417302],[85.04833364448214,19.368218540753162],[85.04878687851166,19.368361234383485],[85.04859554774637,19.369102716417302]],[[85.0549999473898,19.370555519921382],[85.05999994234358,19.370277642898927],[85.05222225185551,19.37305545804297],[85.0549999473898,19.370555519921382]],[[86.24080240720545,19.909789800259205],[86.23677861733935,19.908353805983353],[86.2370357514989,19.90803027128007],[86.24080240720545,19.909789800259205]],[[86.37293255319489,19.9731545450463],[86.36431670175446,19.969436764794906],[86.37146282175192,19.968167423887593],[86.37293255319489,19.9731545450463]],[[86.41195237680077,20.019439577774335],[86.40976047536574,20.02153694607327],[86.40918087939409,20.017699957087444],[86.41195237680077,20.019439577774335]],[[86.42638874034813,20.038611054456595],[86.42166662241678,20.038333177434225],[86.42083334927972,20.031944274908454],[86.42638874034813,20.038611054456595]],[[86.43466365340501,20.051438450823923],[86.4324561361419,20.056732774098293],[86.43275475512795,20.050920247971106],[86.43466365340501,20.051438450823923]],[[86.55511236234568,20.20628166216906],[86.55332803725915,20.20641672595127],[86.55261421207629,20.205269575030968],[86.55511236234568,20.20628166216906]],[[86.79327106490777,20.36622524270092],[86.79105734861784,20.37320840374491],[86.79115545745853,20.365650415834097],[86.79327106490777,20.36622524270092]],[[86.80370950668848,20.371411919824368],[86.81472754444079,20.406469226173897],[86.80257725753441,20.420421600676406],[86.80644440618451,20.41061222567373],[86.80370950668848,20.371411919824368]],[[86.79297280295262,20.3839538093209],[86.79325795189308,20.387631415957117],[86.7910583018992,20.385507941238558],[86.79297280295262,20.3839538093209]],[[86.7879519464253,20.40541481963831],[86.79530477559499,20.393365263995776],[86.79111611841424,20.42873132199304],[86.7879519464253,20.40541481963831]],[[86.79689633819547,20.37653374683495],[86.79171395263691,20.375350713864435],[86.79656660536463,20.374616145818578],[86.79689633819547,20.37653374683495]],[[86.80336654213235,20.46198284633138],[86.8012963531443,20.461579203617447],[86.80250990370914,20.45949745204578],[86.80336654213235,20.46198284633138]],[[86.80462217287513,20.49174571069608],[86.80077946150308,20.47335290930934],[86.80412924277047,20.463925361266405],[86.8093396422108,20.476698756042794],[86.80462217287513,20.49174571069608]],[[86.7637548450102,20.5033065081889],[86.88460040048815,20.615987658403753],[87.04491412668571,20.709932327714824],[86.99928414844479,20.69528305506904],[86.93404316875737,20.710788250277602],[86.84589624431626,20.650977253897253],[86.84039914640366,20.651988625174994],[86.82626235512365,20.67333424078268],[86.80124735807911,20.67461764798614],[86.7967506651112,20.665007113987116],[86.80556535755525,20.66875362398065],[86.81139731443463,20.665713548541532],[86.81662714462718,20.66001594048339],[86.82279694082624,20.647731065536277],[86.82279610625537,20.643575549272214],[86.82002341724703,20.63878202427111],[86.81565785442646,20.636583805098553],[86.79476845230229,20.645302653194932],[86.78466641902011,20.64294934233837],[86.77296590825009,20.644832253805532],[86.76428163009322,20.61693537206986],[86.71378445618782,20.59361052490584],[86.71020925085631,20.566406249748724],[86.73837995547066,20.523792743340465],[86.74777722334031,20.52525675329659],[86.75582897682594,20.520445465785684],[86.7637548450102,20.5033065081889]],[[86.75388884509422,20.519166708077165],[86.74277782463693,20.52222216102402],[86.7541667221166,20.516944408657565],[86.75388884509422,20.519166708077165]],[[86.72871255913745,20.609899758966833],[86.73765063317026,20.629008412608187],[86.74085474045401,20.64577543758648],[86.72871255913745,20.609899758966833]],[[86.74194443189012,20.623333335265272],[86.74527764314885,20.62805545319671],[86.74305546243974,20.630277752616223],[86.74194443189012,20.623333335265272]],[[86.77414524590651,20.648386359243148],[86.79444575306908,20.646139145005606],[86.80562984973787,20.64529895788067],[86.81884765619449,20.638772844890923],[86.79548847651213,20.665388465205638],[86.79665100583932,20.672301530391366],[86.80364441915472,20.676588773952858],[86.81723141709622,20.676867842576968],[86.82988584055917,20.672588228863788],[86.84176373450882,20.65238261186815],[86.8590394259289,20.661654233656066],[86.85580015155583,20.66569447482027],[86.85627412754891,20.66994011394516],[86.8637844325057,20.67817234967424],[86.85608875749026,20.682176470467766],[86.8562318090508,20.686013340743216],[86.88372421260246,20.706908345643683],[86.87563610042585,20.718284845069633],[86.87814140300341,20.73271691795148],[86.88493251832116,20.707227468273146],[86.85863935981862,20.664788127270356],[86.89384317382351,20.695823550316618],[86.93137574179715,20.715613722795155],[86.9958467480291,20.709869742094924],[86.99467635143256,20.76855373416754],[86.84411942946812,20.771293043938897],[86.80164361016458,20.68287157985958],[86.77414524590651,20.648386359243148]],[[86.79763317073426,20.68922710404766],[86.7897222043164,20.682777642973946],[86.78967034850788,20.67493534069348],[86.79763317073426,20.68922710404766]],[[86.86510634418246,20.778162359805094],[86.8683123589283,20.77954924120459],[86.86393773543827,20.780416369320022],[86.86510634418246,20.778162359805094]],[[86.86520397638256,20.78275442137945],[86.8797724242581,20.773450016604983],[86.95152652263104,20.774700641721267],[86.86520397638256,20.78275442137945]],[[86.9439522030319,20.784094810527137],[86.9451427462408,20.78661525229211],[86.94360411144069,20.785088420194484],[86.9439522030319,20.784094810527137]],[[86.98322165055887,20.78242087362443],[86.98666477246141,20.778961420033568],[86.98745202998734,20.7803591490555],[86.98322165055887,20.78242087362443]],[[86.87714123727844,20.77461600292625],[86.87452506987623,20.77410078042675],[86.87742054422276,20.77292525769454],[86.87714123727844,20.77461600292625]],[[87.09389257408318,20.752948522656254],[87.07894420581047,20.758194923756747],[87.07237863506603,20.754022956194575],[87.09389257408318,20.752948522656254]],[[87.0720018146321,20.748813867965737],[87.0679713490986,20.736806630821434],[87.06977701149995,20.73507881193774],[87.0720018146321,20.748813867965737]],[[87.05762362463074,20.743989110409245],[87.0491875413721,20.744119048055666],[87.04905283462065,20.743721962298764],[87.05762362463074,20.743989110409245]],[[87.00941550771958,20.71782171759824],[87.00253152840733,20.70861506463362],[87.01555085179044,20.711626053299767],[87.00941550771958,20.71782171759824]],[[87.0060368779996,20.713421344719364],[87.00480294250181,20.71554875397186],[87.00235557514983,20.710411668164028],[87.0060368779996,20.713421344719364]],[[86.8733333350655,20.675555467311085],[86.87833333001922,20.67777764802014],[86.87833333001922,20.679444432614474],[86.8733333350655,20.675555467311085]],[[87.00250005753165,20.832222223177126],[87.0045783521094,20.81226754221342],[87.01650965229865,20.79769730558627],[87.01915144947995,20.821526050986506],[87.00250005753165,20.832222223177126]],[[88.52911674953847,21.554758548768092],[88.5322325227128,21.58057880416854],[88.49292361743105,21.597889900098863],[88.48175847487389,21.554501056678504],[88.52911674953847,21.554758548768092]],[[88.28775143598003,21.563652753871537],[88.3114730118701,21.67224347625543],[88.26260614425823,21.729380011178677],[88.27148032145968,21.754583954885703],[88.21754765550006,21.762164353901937],[88.22096800836695,21.701442956727192],[88.19783675646121,21.688561558769038],[88.23286044615278,21.669261455651736],[88.2370058297553,21.64442122026321],[88.21644413428939,21.616370677664747],[88.24780631071278,21.564447522535232],[88.28775143598003,21.563652753871537]],[[88.18876707564019,21.581496238560646],[88.16794133202691,21.5918010473805],[88.18697392910369,21.559955358552997],[88.18876707564019,21.581496238560646]],[[88.02113783404397,21.571387052970238],[88.01706624071446,21.571856141148032],[88.02077055002101,21.56695675874755],[88.02113783404397,21.571387052970238]],[[88.22616124154811,21.670469045510174],[88.19556295916331,21.682240963349898],[88.19847714930111,21.694419503357466],[88.21657705318856,21.701027155179162],[88.20316004779804,21.72180926818325],[88.1812735799119,21.685678243256376],[88.2116857763776,21.601894855463286],[88.22616124154811,21.670469045510174]],[[88.12481462929182,21.62854015790205],[88.15478455985956,21.650144100170166],[88.14359390713312,21.67930614905964],[88.17010235793751,21.738480448813704],[88.16352880031403,21.79687500038108],[88.1647969487203,21.80531287149188],[88.1723265648192,21.811599731542373],[88.13473987564478,21.877470731289293],[88.03660154352647,21.674302935432223],[88.0568456649955,21.640471935631354],[88.12481462929182,21.62854015790205]],[[88.17819583457023,21.824051857007703],[88.18168485157477,21.82629442175022],[88.1782715323055,21.825508713756193],[88.17819583457023,21.824051857007703]],[[88.16717576974608,21.806742429319712],[88.1702406403933,21.790674328657445],[88.1713309289793,21.808012008547422],[88.16717576974608,21.806742429319712]],[[88.17890286447576,21.791604637743916],[88.18526375311981,21.789154052617533],[88.18074083322293,21.795601844549537],[88.17890286447576,21.791604637743916]],[[88.19392716880387,21.763031721236956],[88.20225536849048,21.761353254449176],[88.19939410705248,21.769358754003377],[88.19392716880387,21.763031721236956]],[[88.19658565560357,21.731466055214327],[88.19961595541216,21.728105425425127],[88.20118594147803,21.736667751915263],[88.19658565560357,21.731466055214327]],[[88.27749514558465,21.738282322771113],[88.29978465993426,21.706371307190125],[88.28915894063269,21.778503775528833],[88.27749514558465,21.738282322771113]],[[88.28115355978903,21.7694289685721],[88.28180444232126,21.765839457724894],[88.28287220019197,21.76543176176648],[88.28115355978903,21.7694289685721]],[[88.27317511993598,21.776667952563997],[88.28532433485034,21.78782284284995],[88.26347160323203,21.79254221874848],[88.27317511993598,21.776667952563997]],[[88.29365324949802,21.775774240488886],[88.31037044484017,21.793912648849698],[88.29390573506177,21.802573561720493],[88.3112281561545,21.79505944273916],[88.30708014922962,21.713918924119156],[88.33235442621591,21.710409880111882],[88.34310400464616,21.759863734323886],[88.35667252511709,21.766801833937564],[88.3781284092988,21.769236921946487],[88.35133135345924,21.82193076639183],[88.3513288497467,21.855155110520002],[88.3145836589089,21.85711801038798],[88.31517255297095,21.844175577241174],[88.3057965037057,21.828534245359208],[88.26284015145191,21.81109142303083],[88.26253032691321,21.795191049527375],[88.28493666679387,21.789849400329643],[88.29365324949802,21.775774240488886]],[[88.38298976386656,21.780048846776936],[88.42284774752565,21.71993505945548],[88.42055320736475,21.765690207137453],[88.4426498414172,21.799638152079183],[88.43074774761052,21.798861145925173],[88.4174903628901,21.809056043201878],[88.38298976386656,21.780048846776936]],[[88.41841936076506,21.811633109880148],[88.43038547011352,21.800422906791766],[88.4447082277027,21.80184614688227],[88.46356892566544,21.79075372260627],[88.4501850602924,21.803679942775176],[88.44772374625396,21.814553618654628],[88.47662913762471,21.837298631526693],[88.48899161776902,21.83828425431497],[88.48218274084084,21.887723445980328],[88.41879415502629,21.901976227321086],[88.3924604658778,21.832452654466437],[88.40188491305835,21.797709823050013],[88.41841936076506,21.811633109880148]],[[88.4452346566541,21.906234979460805],[88.45602834233418,21.913926720841516],[88.44236743450958,21.908451557393477],[88.4452346566541,21.906234979460805]],[[88.47842085333971,21.90334153218606],[88.49877774709537,21.896114230387525],[88.50855064379729,21.912225127087993],[88.47842085333971,21.90334153218606]],[[88.52563083159768,21.84964704537495],[88.51610863170802,21.83913803109536],[88.52564740160634,21.835951447101706],[88.52563083159768,21.84964704537495]],[[88.5364949701669,21.853716731242258],[88.54079151181887,21.85506165027502],[88.54161655885721,21.85737574079789],[88.5364949701669,21.853716731242258]],[[88.54203546036828,21.85500264125895],[88.552907467106,21.817509531939436],[88.57084894192522,21.90080261205094],[88.56258463817059,21.897394180597075],[88.5414005515942,21.90266180030187],[88.55014693693161,21.88017535241059],[88.54203546036828,21.85500264125895]],[[88.59949791409761,21.868120670632464],[88.6219172473831,21.829406857540476],[88.61867463562604,21.800202011713537],[88.63882720431204,21.784879803360326],[88.65347015832126,21.867555380176782],[88.63223385800629,21.870625853600302],[88.62035751358852,21.897687911767747],[88.59949791409761,21.868120670632464]],[[88.63438463254485,21.870566844584232],[88.65214777000367,21.872495770763265],[88.66706752814397,21.9133634565583],[88.63735914201087,21.921121359263452],[88.63438463254485,21.870566844584232]],[[88.7188887595087,21.9091665741781],[88.79194450333628,21.878610968221636],[88.79333317258786,21.872777819740605],[88.78805553893207,21.864722252230223],[88.81444442307182,21.901388764080252],[88.79999995213612,21.91916656498509],[88.73611104468907,21.918055534435467],[88.72372806090138,21.93182742579515],[88.7188887595087,21.9091665741781]],[[88.74068355590148,21.92194736048242],[88.79170322422456,21.920494675688815],[88.80569374527025,21.936341166311877],[88.76721847015634,21.94507145918061],[88.75033271308436,21.955197453100055],[88.75305414163549,21.976831078391655],[88.72823536407091,21.979606032792248],[88.74068355590148,21.92194736048242]],[[88.68176233796166,21.95309555491602],[88.68720662588518,21.99159884481091],[88.69301760158115,21.970062971329128],[88.71569895774078,22.000315547124814],[88.65328466865256,22.019267201620153],[88.62867724885601,21.958308101038114],[88.68176233796166,21.95309555491602]],[[88.68362045332137,22.017895340697493],[88.73903131514325,22.016508340587535],[88.68287634886448,22.080199837852234],[88.7380347251225,22.134374976324153],[88.78938090760298,22.169130563724565],[88.76867365866255,22.179985642523434],[88.7653445006483,22.19191122032666],[88.73268222830225,22.19386577628464],[88.68415224582961,22.207577467026567],[88.65310931164552,22.16343915469332],[88.63415026652174,22.106187820411606],[88.68362045332137,22.017895340697493]],[[88.63277781024786,22.060555458068052],[88.62916672196675,22.053055524992573],[88.63555550578204,22.048611044863947],[88.63277781024786,22.060555458068052]],[[88.75137186082279,22.22784495378167],[88.76720905335529,22.194251179848095],[88.79408323775127,22.170574427068203],[88.80985963341536,22.18324387100796],[88.83663940428525,22.168561816274888],[88.82809317116309,22.19403135766106],[88.8181910517757,22.195587754071653],[88.80551135556468,22.208342551767373],[88.79867827877965,22.225748658373988],[88.82566595042331,22.240883231276115],[88.826393366161,22.263875365255956],[88.81525814494748,22.264207958830326],[88.81386804577383,22.282992244096846],[88.79507780070006,22.276333331817852],[88.79186415700528,22.25847530329267],[88.75137186082279,22.22784495378167]],[[88.80416381320956,22.32951307277014],[88.82738721414873,22.26516675933854],[88.82821238079683,22.241237759315226],[88.8004455563175,22.225910544436147],[88.81894552721448,22.196412802009263],[88.8295147421118,22.210044503451144],[88.83620190659278,22.207580566090314],[88.84369170700668,22.19027400004518],[88.85503113278062,22.206298113067533],[88.88323926897718,22.201321005859825],[88.88114380814031,22.211843133154076],[88.84882104425586,22.209850907293628],[88.84181451792583,22.211697101240333],[88.83934891232249,22.21534955473828],[88.8580422401574,22.244023919268557],[88.87561810009541,22.252590179393337],[88.84111845525254,22.214080453050542],[88.88358700263822,22.212131142838018],[88.88503026973117,22.201566457825862],[88.8662893776528,22.194298625381293],[88.8722891804014,22.171131968065936],[88.8991843459809,22.177544951738213],[88.91906893288504,22.165504574576516],[88.90442085274023,22.19717633721828],[88.91394746290521,22.216125130970056],[88.90016233892086,22.222861170906384],[88.88612294241997,22.234851956752493],[88.88734424154367,22.264582753091645],[88.86448144895982,22.270113706882142],[88.843304753012,22.28984785069784],[88.88826560957025,22.265235304765582],[88.90362775321833,22.222983479603954],[88.91903495829669,22.23291254088113],[88.95246124249243,22.22435307513436],[88.93495965036763,22.302084445540828],[88.87071454484052,22.35747671118139],[88.8205300571166,22.359567165492365],[88.80416381320956,22.32951307277014]],[[88.89837563063085,22.33690333352203],[88.874978781046,22.3867442604394],[88.88077807454854,22.40275704829915],[88.8653265239,22.385630607466624],[88.86167144797903,22.410799742014518],[88.86104023451932,22.370735764144257],[88.89837563063085,22.33690333352203]],[[88.87054371861782,22.407690048257194],[88.87372994378197,22.406707763752337],[88.86596155138463,22.41077673465861],[88.87054371861782,22.407690048257194]],[[88.88232851025256,22.40325605872013],[88.87676513230517,22.386626124596063],[88.89760792256769,22.366500138970366],[88.88812613461343,22.378148555611375],[88.92141270643143,22.402576208125566],[88.90283107799192,22.41475975555838],[88.89230334792128,22.46536362143405],[88.89508461915986,22.55410230158003],[88.8435620067813,22.50692582126976],[88.86765634986077,22.487628102255172],[88.85609686357944,22.422571062704463],[88.88232851025256,22.40325605872013]],[[88.8164799216112,22.433091640466927],[88.82170033410321,22.434404254053106],[88.78068721264472,22.500000000100016],[88.80085647094941,22.46129703552984],[88.80365812802026,22.44458663456564],[88.8164799216112,22.433091640466927]],[[88.85916662204207,22.469444274533743],[88.8580554727819,22.46833324398412],[88.85611104948546,22.458888768901602],[88.8588887450197,22.463611126052683],[88.85916662204207,22.469444274533743]],[[88.90131294683513,22.547142267501698],[88.9144523144229,22.510343075072967],[88.89465844663013,22.466099262371188],[88.9208340646405,22.425889015166035],[88.90750980363467,22.415949344586636],[88.92510044572916,22.407164335165987],[88.92987954650383,22.391042351623327],[88.8964357372196,22.38020014751885],[88.90767919993513,22.33517873331192],[88.94206964999447,22.30975377581612],[88.95341467854459,22.364875078422187],[88.94482731852597,22.370071411566414],[88.9342218636481,22.39593112472167],[88.93965482730849,22.419267773688887],[88.95847690118816,22.36497116109024],[88.96442675559038,22.409638643508657],[88.99859786010322,22.43002045118297],[88.99514925503414,22.467332959548486],[88.9598652125097,22.548707604072746],[88.91923904414668,22.565216303289816],[88.90131294683513,22.547142267501698]],[[88.97053635117183,22.408790826535494],[88.94718527797826,22.25546276599394],[88.9716440443373,22.21019923720513],[89.01961815315533,22.205562830060586],[89.02292740377678,22.166476846029724],[89.06215155155294,22.128381252093163],[89.09604287158132,22.15561664109518],[89.06762135054495,22.148437499790816],[89.06709206084994,22.19823062414403],[88.99416947334262,22.285555123969885],[88.99981164898853,22.297796249597354],[89.02328562713015,22.296891450679965],[88.98359370238748,22.325424552401216],[88.98245382338527,22.37444043138086],[88.98882365218995,22.3913420435006],[88.97053635117183,22.408790826535494]],[[88.98918783624973,22.385385155500586],[88.99595081807595,22.385673880145475],[88.99445045032812,22.390628337927552],[88.98918783624973,22.385385155500586]],[[88.99685955062782,22.199189305042438],[88.9729249478282,22.193475842835994],[88.99675083158562,22.140145659694497],[88.96247124635104,22.060717702060344],[88.97849655187443,22.03990674060364],[88.98512434940923,22.056733727879305],[89.01474690424638,22.06437027426884],[89.02612721949575,22.052879929665153],[89.02224886439367,22.0784691573258],[89.03822875055644,22.052940130282792],[89.03544807466895,22.108628869127102],[89.0168404576211,22.11151015756775],[89.01497304417077,22.114498615518812],[89.05059671386735,22.130725621890036],[88.99685955062782,22.199189305042438]],[[89.07561147169216,21.998112916777814],[88.98494827744119,22.054695606017447],[88.97472786909603,21.99308800700598],[88.98240661617254,21.993427157537383],[88.99417412283756,22.005756020124295],[88.9994988440964,22.006935715710767],[88.9834059473267,21.992792368373216],[88.97555851980994,21.991230011256107],[88.98934125879222,21.985744118896065],[88.99246835712913,21.97378146654151],[89.00514495337703,21.987993359306188],[89.02041137228716,21.99745953053298],[89.02818441417949,21.99718165440987],[89.03264904002131,22.00181555784178],[88.99937903911152,21.94967436747814],[89.06027507743298,21.931978106304626],[89.07561147169216,21.998112916777814]],[[89.01146197309154,21.981665849899173],[88.99112594090954,21.97031950923801],[88.97302234170783,21.98706424272072],[88.97704732407479,22.038504004156465],[88.93781924266395,22.060347914324893],[88.93574225929794,21.93626463400571],[88.96610117003311,21.922682523879416],[88.9624685052174,21.934765219539344],[88.97611737291854,21.946118116258134],[88.96902584986319,21.920683741961227],[89.01431167104678,21.902560949428334],[88.99084174614981,21.95187246794015],[89.01146197309154,21.981665849899173]],[[88.92424142320326,21.923644543061243],[88.85801482162682,21.910743832162154],[88.81970155218497,21.92775166051075],[88.8778853413356,21.853914141424525],[88.88661992576911,21.812737346051733],[88.93889927897871,21.84986603299106],[88.9258699416446,21.851188659628974],[88.92129170894523,21.85427510771018],[88.91463124713445,21.861100078006302],[88.91387021563807,21.87876963650959],[88.90727055069553,21.878996729715425],[88.91496813317289,21.880603670722877],[88.94686543948845,21.840900659138157],[88.94531250007194,21.88588154359843],[88.95532631885456,21.854163527924584],[88.97642862827868,21.867625355525774],[88.96612465402964,21.890540957199505],[88.97394394895414,21.89756631893053],[88.92424142320326,21.923644543061243]],[[88.9552992582542,21.84778010856516],[88.97978806466759,21.818177222800614],[88.97255933294699,21.80059492551547],[88.94268786914998,21.786233544742345],[88.97106242219317,21.775187968849764],[88.99419760683415,21.814162254384655],[89.03008854425107,21.833127856465467],[88.98918890914095,21.86792910064753],[89.03086137755056,21.863191723919016],[88.97758567354006,21.893342852590678],[88.97882175482025,21.866476178433004],[88.9552992582542,21.84778010856516]],[[89.00843632187886,21.81031751594068],[88.9900745156265,21.790521740685847],[89.01255476449089,21.781479120465065],[89.01103365388016,21.776414632429436],[88.99865734576005,21.769893765185145],[88.99963295459733,21.766016840904513],[89.01420295200475,21.765835762410603],[89.02363884485695,21.75898611561675],[89.00843632187886,21.81031751594068]],[[89.00481474390537,21.76507925989992],[89.00199401401258,21.749453544745336],[89.01647341281787,21.732845545085922],[89.01755404448372,21.71766710325423],[89.05935716640019,21.725997447824028],[89.00481474390537,21.76507925989992]],[[89.06078767750941,21.72175455073196],[89.00967133026776,21.704647302331153],[89.02242875128601,21.699645161594958],[89.02601635467104,21.68948936504225],[89.02858042704511,21.63498437412963],[89.06254672984787,21.618336200855083],[89.09279274958581,21.636840224097085],[89.09226143371833,21.665798545066878],[89.06078767750941,21.72175455073196]],[[89.03642487510805,21.621093749776833],[89.02130174607882,21.638807058499026],[89.02227091756882,21.65447056316603],[88.99733543408306,21.649023413599764],[88.98836123967962,21.65222907041533],[88.98571705839564,21.705341338831772],[88.97319710246447,21.697309613248052],[88.95154726509432,21.701391458848775],[88.96389412851138,21.660205721516917],[88.96377515809709,21.646468520605794],[88.96802830656125,21.64172577852193],[88.98252487162554,21.64589691151329],[88.99051475535171,21.645444750374992],[88.99283516451138,21.643571019187277],[88.99900686727321,21.602572321955165],[89.03642487510805,21.621093749776833]],[[88.83423900582554,21.60747754545241],[88.84261357815419,21.554022907830955],[88.90365254842638,21.55566394303665],[88.87596094594099,21.592295646626837],[88.83423900582554,21.60747754545241]],[[88.56535971128179,21.570205926562352],[88.58620727064917,21.60685205437889],[88.54201614832672,21.634863138323254],[88.524372458822,21.65292775641086],[88.51036870515176,21.601155877142077],[88.55694115131311,21.604102968976918],[88.53685402899029,21.586977720645308],[88.56535971128179,21.570205926562352]],[[88.39895272298989,21.595776319721494],[88.43187701731065,21.626927017867615],[88.41141605400779,21.657907843971856],[88.41354072122746,21.690907836027918],[88.42837953588699,21.701736450476858],[88.39514160120402,21.754715442963374],[88.38774502271477,21.734778046969325],[88.36864554845332,21.727117538144],[88.40397751315172,21.715195536944577],[88.37971437002224,21.672469854500207],[88.39895272298989,21.595776319721494]],[[88.3066953419166,21.616232037278735],[88.35812962018596,21.6474851367297],[88.34372746954719,21.69140124277314],[88.30388712878798,21.70756280457985],[88.31661140888954,21.664905429242197],[88.3066953419166,21.616232037278735]],[[88.34268140782072,21.7540431026072],[88.36532795392205,21.687074542356356],[88.3977104426829,21.713721156006613],[88.36503851431607,21.72278320787879],[88.35976815257831,21.73363125307995],[88.35965394947036,21.74565851722687],[88.37088227299856,21.763144850554426],[88.34268140782072,21.7540431026072]],[[88.36152195917114,21.747095227362905],[88.38697910340298,21.740910649007333],[88.3814362290988,21.766882419488155],[88.36152195917114,21.747095227362905]],[[88.43341195589713,21.704557657010298],[88.46726894340705,21.73702716866896],[88.47255480316167,21.79331827162102],[88.45824813804117,21.788811206771868],[88.4449831243717,21.79701721647143],[88.42299795139436,21.766115545995717],[88.43341195589713,21.704557657010298]],[[88.51341187965463,21.78701174249801],[88.5042475460875,21.76258325541292],[88.53503501435446,21.792104244415412],[88.50424361245283,21.7576236723946],[88.5187946557489,21.719703674684837],[88.54162097003174,21.737388252765697],[88.57086372408165,21.733544349791913],[88.56030285399359,21.80257534957275],[88.51341187965463,21.78701174249801]],[[88.50022184875948,21.812600373908225],[88.47984504671157,21.835409641541816],[88.44959807369227,21.812031149817784],[88.48550224283431,21.798665761915515],[88.50022184875948,21.812600373908225]],[[88.58210885503976,21.808203100992387],[88.61418497535644,21.79824352302029],[88.61818981201029,21.829150438342083],[88.59147393707266,21.852094650148018],[88.58210885503976,21.808203100992387]],[[88.56008505797914,21.826753735196803],[88.55620562998595,21.82633340376367],[88.55692195888136,21.823772907094053],[88.56008505797914,21.826753735196803]],[[88.58807742613234,21.773443579957302],[88.6231385465068,21.736469268841716],[88.60918235797945,21.708283662461156],[88.63064384493762,21.740372062121025],[88.62301516491803,21.773273349085855],[88.61165714296291,21.790134667980567],[88.58807742613234,21.773443579957302]],[[88.70804834325648,21.70618724834293],[88.74764895443579,21.65843164960097],[88.7557822467534,21.66453182658256],[88.73138082026881,21.68139004731296],[88.7294862266082,21.686749458121085],[88.74154996905597,21.690437913279197],[88.75810694657847,21.683645963390546],[88.76272785660544,21.69294524202934],[88.75852775555157,21.709597945189046],[88.74643754965334,21.705924868438018],[88.73619306106107,21.719770669680713],[88.7764933106179,21.721111655078886],[88.7532434462282,21.73087954525488],[88.75230014283741,21.748444557570366],[88.75886237619787,21.75937604906548],[88.72811973104083,21.77782177915188],[88.7158701418937,21.80718946432242],[88.6950186488917,21.746169566872055],[88.70804834325648,21.70618724834293]],[[88.71833324468352,21.808055520446032],[88.74972224248754,21.816388845368948],[88.7527778150442,21.811944365240322],[88.75250005763164,21.78944444640416],[88.76166665569164,21.78472220886289],[88.76555550138536,21.841666579349237],[88.76916670837701,21.85333335385127],[88.78055560585662,21.85944438025396],[88.71784341364273,21.907189368794434],[88.69694435639698,21.848611116310025],[88.70305550061093,21.857499956957554],[88.71749985193671,21.855555534560324],[88.6958333249481,21.84111094491425],[88.70249986617594,21.824166655466883],[88.70444440818292,21.829444408732513],[88.72805547717869,21.837499856633144],[88.70361113504592,21.81944441792561],[88.71833324468352,21.808055520446032]],[[88.78805553893207,21.878055453396485],[88.78222215213074,21.826666713198307],[88.78972220391668,21.821388840322754],[88.79444444145796,21.81249999967531],[88.79555547200746,21.801666617020885],[88.788888931679,21.795833348929932],[88.79472208016003,21.791388750090817],[88.82972204663528,21.862222075788253],[88.7877776619097,21.86361110207079],[88.78805553893207,21.878055453396485]],[[88.80638885466206,21.867777824786884],[88.8299431800339,21.865000009642756],[88.8374998567331,21.892222046410353],[88.81525456924308,21.900532364876796],[88.80638885466206,21.867777824786884]],[[88.84638893570096,21.858055472681997],[88.8350000382213,21.781666636306312],[88.91333317738437,21.727777719666165],[88.92138874489476,21.743610978563908],[88.89138877427266,21.75361096847152],[88.8980555538208,21.77861094503919],[88.88222205660273,21.797222256501982],[88.87722206074957,21.851666570156112],[88.84638893570096,21.858055472681997]],[[88.89583325350193,21.788055538832083],[88.90555560560685,21.751666546074375],[88.91246092313324,21.75520420111306],[88.91138875498714,21.76166665559174],[88.91925334966245,21.77022445219677],[88.91777765751291,21.791666627113187],[88.93499994269322,21.82249987087235],[88.88333332547265,21.808611154880936],[88.89583325350193,21.788055538832083]],[[88.94138884521917,21.84722220873803],[88.93499994269322,21.824444412879416],[88.93888890709749,21.816666722391403],[88.91972207991014,21.791944504135557],[88.92444443706117,21.78750002400693],[88.91499984236887,21.755833267891035],[88.92138874489476,21.766111135720365],[88.95888876910149,21.7708332536518],[88.94042086623008,21.782365441012416],[88.94027781466949,21.793055534685266],[88.97638893130429,21.82111096419976],[88.95388877414771,21.825277805626314],[88.94138884521917,21.84722220873803]],[[88.95138967059697,21.758186578747683],[88.98728525660934,21.74702560904467],[88.98869454821497,21.73971986747796],[88.9766699073904,21.728689074641096],[89.01479244231749,21.71875202648488],[88.99911570592516,21.75172507755039],[88.99668157119768,21.768488049284116],[89.00902271312785,21.78259456129001],[88.95138967059697,21.758186578747683]],[[89.02027475807378,21.714193105827263],[88.97067427659661,21.721165656669825],[88.99238634075712,21.701084255833848],[88.99297320864676,21.651508569564953],[89.02419233350955,21.687207936996742],[89.00753426589378,21.70457696905197],[89.02027475807378,21.714193105827263]],[[88.9693379397942,21.72277331353763],[88.98732221155083,21.7447971105982],[88.92233800899194,21.761029601035318],[88.92268192772892,21.720322847121707],[88.94994235025942,21.70243787760603],[88.98324537247598,21.70566535017585],[88.9693379397942,21.72277331353763]],[[88.94194436094361,21.689722061024383],[88.88207292562512,21.7451285125708],[88.8730554576434,21.694444418175408],[88.92083334878006,21.632222056103046],[88.94194436094361,21.689722061024383]],[[88.95380556617405,21.626483321148413],[88.99506986108523,21.6259610650512],[88.96541285501931,21.64165008078666],[88.96185815333124,21.648617148462677],[88.96099603174153,21.666370869120357],[88.95502805689941,21.676849722836494],[88.95380556617405,21.626483321148413]],[[88.79795324804402,21.591346263819105],[88.77013623689797,21.655346154801208],[88.74895966055996,21.645783543875524],[88.73620677032633,21.64478147068843],[88.72975122893618,21.64014971213956],[88.75837874418377,21.59972596138411],[88.75087535411441,21.57714343082469],[88.79795324804402,21.591346263819105]],[[88.75694394150977,21.599408745317447],[88.72089862826917,21.638182163675935],[88.7073725459064,21.59287810334189],[88.73593592600221,21.571673750543198],[88.75694394150977,21.599408745317447]],[[88.59528446170859,21.620654225012515],[88.59642005004528,21.647781729543226],[88.58617651473443,21.65769767780563],[88.57673835738936,21.691854953443425],[88.567592978833,21.690826177586132],[88.57120084754118,21.666743040059316],[88.55352735540325,21.640268445132676],[88.59528446170859,21.620654225012515]],[[88.5657967332327,21.70131254154063],[88.54316174971504,21.723992347269103],[88.5905504223642,21.69030284859761],[88.57070171840965,21.73258280725088],[88.54166114364702,21.736049056119157],[88.51727163767609,21.711717844203235],[88.54597914222373,21.637046456628696],[88.5657967332327,21.70131254154063]],[[88.4646866318827,21.67282271429687],[88.45302033402126,21.709553122078916],[88.41927313844465,21.688985109775018],[88.44151473062047,21.615139960840565],[88.4646866318827,21.67282271429687]],[[88.59273433692024,21.718801974831308],[88.6209912298614,21.734437703936976],[88.58218717609734,21.777832746384234],[88.5689212082473,21.769083022763397],[88.59273433692024,21.718801974831308]],[[88.69401705234512,21.699463843881404],[88.72301900392395,21.638533949682113],[88.7357860800636,21.64531672019058],[88.75125765771483,21.648506641568275],[88.69401705234512,21.699463843881404]],[[88.79612541195834,21.655555606006487],[88.80666661297388,21.70666670840197],[88.75750005258553,21.68222224755874],[88.73055553401073,21.68638884976565],[88.79612541195834,21.655555606006487]],[[88.76310980317501,21.699940443196965],[88.81563556163204,21.70931231960799],[88.80920565092018,21.638008474911317],[88.84595775574596,21.619977712701342],[88.82879173754881,21.650501251531608],[88.84370136302758,21.62709677209844],[88.86001670350814,21.636962056153976],[88.83912074532626,21.706887125940227],[88.86414134514709,21.760808110605865],[88.8316551447692,21.765859842657648],[88.80915224557984,21.748541355199478],[88.79661691214093,21.74696111686214],[88.79080510097467,21.749029755418945],[88.7927086356951,21.735217452123806],[88.76310980317501,21.699940443196965]],[[88.75629174686676,21.733621835379466],[88.78326296811159,21.757200240998344],[88.78232324132458,21.76685524017725],[88.79582595840137,21.787110925129184],[88.78719103323962,21.79608571488393],[88.79321670498703,21.81035876244698],[88.78241980063339,21.82497894742059],[88.76653945413264,21.78698313236569],[88.74970281083611,21.76969003636617],[88.7642773390281,21.761858224677383],[88.75629174686676,21.733621835379466]],[[88.72825026493794,21.77999424893551],[88.74957454233132,21.799923419730106],[88.7501428131404,21.814205646673344],[88.72825026493794,21.77999424893551]],[[88.79617333413213,21.748504042327767],[88.83044171291485,21.767192601957106],[88.82190537413376,21.82246387011159],[88.7839795353274,21.765698671556464],[88.79617333413213,21.748504042327767]],[[88.89084863695504,21.651287436166342],[88.89395582699993,21.65055060362755],[88.88938391203803,21.654598712960336],[88.89084863695504,21.651287436166342]],[[88.64034104390421,21.678359627894622],[88.62751865406264,21.658145308159476],[88.6302857402948,21.64929187292165],[88.63415813469024,21.65111875572606],[88.64034104390421,21.678359627894622]],[[88.60611617522144,21.680077433726694],[88.58804404779474,21.701472163109912],[88.59176766914268,21.69017052684842],[88.58034050461075,21.682879567438164],[88.58872020217567,21.65742182695581],[88.60611617522144,21.680077433726694]],[[88.50532650951092,21.78313982474316],[88.50191342856195,21.78442835808238],[88.50166642706401,21.781136631650327],[88.50532650951092,21.78313982474316]],[[88.85531854621402,21.919084668222922],[88.90683090722067,21.92895257470161],[88.90295910817642,22.011187552963264],[88.8127650021033,22.01943290260641],[88.80208361116988,22.029772043045398],[88.77968955063236,22.015798449938615],[88.76202905189936,22.014855742798346],[88.77251195885995,22.01224362864056],[88.75370502506698,21.987823724685256],[88.77708184674995,21.99038815498946],[88.80014753358185,21.97061765158341],[88.75347554685916,21.985204219898918],[88.75216531737553,21.95644473993289],[88.85531854621402,21.919084668222922]],[[88.74131631889301,21.987971424841447],[88.75824487200325,21.995251774949566],[88.7582305673869,22.007063030934205],[88.74131631889301,21.987971424841447]],[[88.76159226916795,22.02157902675077],[88.77919673923819,22.036710620199045],[88.77543246763443,22.049726605298645],[88.75159931195876,22.050589441849297],[88.76159226916795,22.02157902675077]],[[88.73143935174474,22.045246601049826],[88.7309364076892,22.04359781728553],[88.73398351672594,22.042257428137873],[88.73143935174474,22.045246601049826]],[[88.74838721779602,22.059990048002362],[88.78201782706108,22.04844045606228],[88.78707325442716,22.071894049271066],[88.79389965554478,22.05557572843719],[88.80452501781534,22.06536781757086],[88.81243121602782,22.06199562519805],[88.82772350303739,22.071239709744873],[88.83645880243185,22.06933975252761],[88.80412995823107,22.084504723414312],[88.79864227801872,22.097817420937332],[88.79855620840246,22.108507513710805],[88.78445005432664,22.106996536660944],[88.74838721779602,22.059990048002362]],[[88.73922455337052,22.05700087509041],[88.80427622756602,22.130237221670484],[88.85558557471458,22.144186615819677],[88.84323513469386,22.16722762615413],[88.85099232153854,22.173480272396745],[88.86799955363657,22.17030084161064],[88.8596471549923,22.204119562967463],[88.84358274964418,22.18938410289408],[88.82803106308316,22.207845806738703],[88.83907854553851,22.167737245877248],[88.82976615388506,22.165210723795923],[88.80902802942009,22.179200053239924],[88.7490869757834,22.13484370747119],[88.70514953152573,22.064269065465112],[88.73922455337052,22.05700087509041]],[[88.71907866035193,22.095736860967435],[88.69465970967795,22.08739912486979],[88.69282293343176,22.078211426915885],[88.71907866035193,22.095736860967435]],[[88.68957316846698,22.081713556935114],[88.68891334577441,22.081257343451682],[88.69013607482006,22.080095172054627],[88.68957316846698,22.081713556935114]],[[88.73364734654794,22.11952567107295],[88.73047792881343,22.124338746436024],[88.72829103480356,22.11302137383737],[88.73364734654794,22.11952567107295]],[[88.85290706181152,22.170137524727068],[88.85970115658321,22.14160645007763],[88.8309204580128,22.126963377358038],[88.8452780247612,22.122373699886452],[88.87183940426522,22.08801460289169],[88.89523851834295,22.091339111410917],[88.88941645580488,22.10164475480167],[88.89242637157994,22.11419355828619],[88.91740357911195,22.091264248246546],[88.88678157351094,22.16421067678138],[88.85290706181152,22.170137524727068]],[[88.89472556123567,22.171156167922902],[88.94026803993822,22.127130866196552],[88.90125584618036,22.064117669994545],[88.91867363408099,21.9808385374686],[88.93507862078187,21.990373849473656],[88.92505157027384,22.064709306089696],[88.96678602715357,22.078519940243126],[88.95080614099064,22.104454040821395],[88.96907234211497,22.082778454062492],[88.98590552841753,22.13761544229891],[88.97908377679502,22.131005764304632],[88.9532103534751,22.157895326208404],[88.98087072340527,22.133087277555916],[88.95898067981469,22.190213561106958],[88.91892993456892,22.16102361704634],[88.89472556123567,22.171156167922902]],[[88.9317127470458,22.17696082588145],[88.96048331295466,22.19291985047076],[88.95443201052902,22.221111774588792],[88.91872680200046,22.230363846014768],[88.90816283194928,22.195453047320314],[88.9317127470458,22.17696082588145]],[[88.90336656581437,22.049401640673295],[88.8919793365773,22.049657225300706],[88.89042723173142,22.04570174254141],[88.85206925878938,22.04184460604384],[88.87874472179155,22.014567851824978],[88.90160167237943,22.018447041497836],[88.90336656581437,22.049401640673295]],[[88.85972976671545,22.045835733432426],[88.8907687663656,22.04857242078063],[88.87029826665176,22.06287646257877],[88.86870455736957,22.08150732530291],[88.81955146792595,22.06286776073864],[88.84535932527277,22.06085503123478],[88.83851945410962,22.023936748781978],[88.859160542625,22.025182246863267],[88.84992957109287,22.041198373006637],[88.85972976671545,22.045835733432426]],[[88.82339417929805,22.02731430561076],[88.83106064793068,22.05071985703586],[88.80575740378131,22.064126014803747],[88.79763317123391,22.054910659998995],[88.7918087245931,22.054695248986576],[88.78794276754482,22.05951297294547],[88.77999365368427,22.03797841067521],[88.82339417929805,22.02731430561076]],[[88.85075175738783,22.079106450202573],[88.86738038030038,22.082454204398033],[88.83886992890424,22.089942813210286],[88.84367823606189,22.097822070432272],[88.86788725888997,22.086676359526393],[88.84580194910083,22.11910867702389],[88.80632984654525,22.12515890565905],[88.80594205887903,22.084763526715506],[88.81906795462257,22.104557514118085],[88.85075175738783,22.079106450202573]],[[88.87019276628317,22.08687114728565],[88.89102351642228,22.06031990044309],[88.90445244322584,22.086041927393097],[88.87019276628317,22.08687114728565]],[[88.91799855259123,22.423857569871018],[88.9116395714091,22.425150036844826],[88.91157925118151,22.42311525326639],[88.91799855259123,22.423857569871018]],[[88.58579575976663,21.87400031046596],[88.58120775233593,21.872064351588676],[88.58233785660687,21.865592956949484],[88.58579575976663,21.87400031046596]],[[88.42537474624757,21.904079675936373],[88.42066085351567,21.904486656034436],[88.42072284198568,21.90407991425667],[88.42537474624757,21.904079675936373]],[[88.10961854456028,21.883961558479257],[88.10693955411719,21.89918804209455],[88.11260640626065,21.910811066377676],[88.10463952989048,21.897680759459575],[88.10961854456028,21.883961558479257]],[[88.13005530800618,21.899088859463376],[88.14466810235106,21.915490031239983],[88.13304555380941,21.927557706423045],[88.11608326443118,21.917551637098455],[88.13005530800618,21.899088859463376]],[[88.04606556897087,21.913018464930246],[88.14342927903814,22.02064144574618],[88.14165091555739,22.025993466825042],[88.07065224680392,21.990872979504474],[88.04606556897087,21.913018464930246]],[[88.17138874549434,21.932222247059087],[88.1597222093126,21.92861115967736],[88.16527771909156,21.916111112038237],[88.17138874549434,21.932222247059087]],[[88.13620471927251,21.895444035813625],[88.13769400107734,21.895489573884817],[88.13834917517434,21.898116230979326],[88.13620471927251,21.895444035813625]],[[87.99388885538647,22.21555554894948],[87.99277782483685,22.212222218080996],[87.9966665509206,22.21277773380544],[87.99388885538647,22.21555554894948]],[[88.38806617241599,22.870453238426308],[88.38536143258418,22.87070941930432],[88.38544976669354,22.870288252401025],[88.38806617241599,22.870453238426308]],[[88.40976500485121,22.9402500388083],[88.40703475485012,22.944940209223375],[88.40904653107262,22.937435864973253],[88.40976500485121,22.9402500388083]],[[88.45413064960988,23.036780118707554],[88.45152974100486,23.03915035750302],[88.45246005099071,23.03332817535508],[88.45413064960988,23.036780118707554]],[[88.50352013124908,23.129276752720045],[88.50056183296223,23.127262115754064],[88.50429224958779,23.12651085808963],[88.50352013124908,23.129276752720045]],[[88.44201314479093,23.22081565821611],[88.44274067833973,23.217875718689527],[88.44639325144752,23.221179843175264],[88.44201314479093,23.22081565821611]],[[88.35504364964478,23.30082774170694],[88.34941864025816,23.301287055153495],[88.35041284527674,23.295897245461617],[88.35504364964478,23.30082774170694]],[[88.37123405900465,23.46009027914309],[88.369474053385,23.458755374061326],[88.37245964969324,23.454817176271774],[88.37123405900465,23.46009027914309]],[[88.33722221813096,23.35527765723816],[88.33666670330584,23.353888749666083],[88.33888876440503,23.354444503710937],[88.33722221813096,23.35527765723816]],[[87.93611097344277,22.406388759833504],[87.93277764347354,22.408888936275474],[87.93805551544975,22.396666646048914],[87.93611097344277,22.406388759833504]],[[87.92481625116912,22.42683923254458],[87.91921210245667,22.429117322306666],[87.92567837275871,22.42482924417436],[87.92481625116912,22.42683923254458]],[[87.91416656943179,22.42861115957743],[87.91111111648493,22.433055520096246],[87.90805554392827,22.431666612524253],[87.91416656943179,22.42861115957743]],[[87.90147173403332,22.48753595322168],[87.88700675945447,22.491210937434914],[87.90054094830614,22.483242154501824],[87.90147173403332,22.48753595322168]],[[88.03153824799179,22.06022167199265],[88.02792871014194,22.059528946703608],[88.03101134329896,22.05899703458553],[88.03153824799179,22.06022167199265]],[[87.31689417392707,21.576252817813355],[87.30382573586914,21.574675917759436],[87.31715130808655,21.57378077486294],[87.31689417392707,21.576252817813355]],[[87.30119526385036,21.578960061357805],[87.3046325446563,21.59852802754645],[87.29961991332843,21.590458750770807],[87.30119526385036,21.578960061357805]],[[87.3108333350904,21.604444503611006],[87.31655597667705,21.602629780539985],[87.31899070765505,21.605453968326003],[87.3108333350904,21.604444503611006]],[[87.17549026036724,21.756363272547105],[87.17060315641069,21.755176544262213],[87.17775785953765,21.751573920400233],[87.17549026036724,21.756363272547105]],[[87.1744444369613,21.78944444640416],[87.16888892628307,21.791111111388744],[87.16583335372641,21.78694426996219],[87.1744444369613,21.78944444640416]],[[87.21596670150214,21.807125568390404],[87.2114377021883,21.80662441218695],[87.21075880487504,21.798998355489772],[87.21596670150214,21.807125568390404]],[[87.21880352476288,21.98842072523638],[87.21464622064664,21.987930655875118],[87.21792077992015,21.98281896152588],[87.21880352476288,21.98842072523638]],[[87.20908761000535,22.006106615428024],[87.20668065548787,21.999609232180404],[87.2119381425313,21.993395924981996],[87.20908761000535,22.006106615428024]],[[87.12361097326792,21.51444435162557],[87.12243890752964,21.520824551412034],[87.11888015259697,21.517222047159777],[87.12361097326792,21.51444435162557]],[[86.71685516793181,20.68446910406601],[86.70513117316526,20.682672620145382],[86.730389953034,20.676408052489734],[86.7401542666062,20.671429514460613],[86.71685516793181,20.68446910406601]],[[86.7259746792881,20.676546573265824],[86.72454071028565,20.675686002107398],[86.7298895117917,20.6749440434329],[86.7259746792881,20.676546573265824]],[[86.66453397286469,20.70009720332331],[86.6554498669179,20.70038175601323],[86.65129566186542,20.697492837724383],[86.66453397286469,20.70009720332331]],[[86.59630465483602,20.716446280071807],[86.5776997807204,20.699934721010635],[86.58375144017688,20.691377044015496],[86.60559141671055,20.697632551001504],[86.59630465483602,20.716446280071807]],[[85.8994275331543,20.842686057315746],[85.89181947728721,20.841898440960335],[85.90027737630001,20.8408385512582],[85.8994275331543,20.842686057315746]],[[85.70180141910035,20.834054470437536],[85.70354235189811,20.834967732874674],[85.70160210145585,20.835205316672102],[85.70180141910035,20.834054470437536]],[[85.68476462358868,20.823547601940334],[85.68314981441253,20.82513844957981],[85.68283414877695,20.82352244880201],[85.68476462358868,20.823547601940334]],[[85.68508994614425,20.824820041911494],[85.6860040422529,20.824912547975828],[85.68586742893885,20.825302719744855],[85.68508994614425,20.824820041911494]],[[85.61517655855144,20.79890322720226],[85.62135744069346,20.79592740562535],[85.62097454084252,20.80357384725528],[85.61517655855144,20.79890322720226]],[[85.42692434798042,20.78323960292542],[85.42968749967847,20.783203124624606],[85.42598724361645,20.78766465230194],[85.42692434798042,20.78323960292542]],[[85.2956347461467,20.861915945864297],[85.2874715324854,20.85637915097709],[85.29425883287885,20.84961044766405],[85.2956347461467,20.861915945864297]],[[85.19299614445654,21.03581941113697],[85.19109141813456,21.03553700422941],[85.19326806077251,21.03498554264874],[85.19299614445654,21.03581941113697]],[[85.14943885801691,21.12915694723543],[85.14690387241583,21.13663446920549],[85.14550054061752,21.12883424800225],[85.14943885801691,21.12915694723543]],[[85.15525543648923,21.147987127603926],[85.15330755709809,21.14966821681486],[85.15418124217067,21.147731542976402],[85.15525543648923,21.147987127603926]],[[85.14809870718969,21.162565111890473],[85.1459995510385,21.158412456369888],[85.14896035213863,21.156676411387366],[85.14809870718969,21.162565111890473]],[[85.1096930503941,21.072499513541715],[85.1136027576612,21.070549368758464],[85.1136027576612,21.071100831238397],[85.1096930503941,21.072499513541715]],[[86.66786622994258,20.617413759237706],[86.66944444210745,20.608055472482135],[86.67053186905062,20.618827343307316],[86.66786622994258,20.617413759237706]],[[86.56710374354302,20.618067145482456],[86.5666667224913,20.616944431840125],[86.56833326786617,20.61611115960244],[86.56710374354302,20.618067145482456]],[[86.44003605851745,20.607591747860937],[86.43753802785787,20.608064055611806],[86.44053590260998,20.60610735387135],[86.44003605851745,20.607591747860937]],[[86.28514373339661,20.65136122663938],[86.28400146939234,20.648122549416172],[86.28764176405625,20.64555847614284],[86.28514373339661,20.65136122663938]],[[86.60388875006586,20.340000033374906],[86.59361112145612,20.340833306511968],[86.59031236142644,20.33825540526277],[86.60388875006586,20.340000033374906]],[[86.5943901537826,20.3787995572539],[86.59242141281803,20.380739450665118],[86.59299170979958,20.377058148714667],[86.5943901537826,20.3787995572539]],[[86.59573805316873,20.380911111458715],[86.59970712648285,20.3842985626286],[86.59758150598182,20.387669443789804],[86.59573805316873,20.380911111458715]],[[86.59739577799283,20.394710421348947],[86.59411251508052,20.397948980760958],[86.59703886495183,20.393428444966816],[86.59739577799283,20.394710421348947]],[[86.57247173748081,20.406039714461286],[86.51399433587002,20.415736556397036],[86.49482130965586,20.391833662793402],[86.57247173748081,20.406039714461286]],[[86.4110598563274,20.44871425605811],[86.36886274771771,20.465853452874654],[86.35341012507732,20.46223533189513],[86.34518182298288,20.469319105492417],[86.30717372858484,20.465942144014775],[86.33381426371741,20.454318523481135],[86.34153342272933,20.463374614646824],[86.34506964694677,20.46317851567605],[86.35215520839623,20.456419229164226],[86.36077725886352,20.462423443986808],[86.38699293177851,20.443984627888284],[86.39875686183981,20.451388001655033],[86.4110598563274,20.44871425605811]],[[86.06139493003215,20.462987423231084],[86.06678855374886,20.458777069905892],[86.06703054872091,20.463056921939483],[86.06139493003215,20.462987423231084]],[[85.9955904486404,20.453746676068334],[85.99333500830411,20.452937126147532],[85.9956047532568,20.452923655202653],[85.9955904486404,20.453746676068334]],[[85.94558775437153,20.47600877278677],[85.93066346634592,20.482306122529593],[85.94620001282036,20.473984718120306],[85.94558775437153,20.47600877278677]],[[86.4985653159367,20.17666983624406],[86.49586677513159,20.161608576974345],[86.50782191724775,20.172960042871722],[86.4985653159367,20.17666983624406]],[[86.4892562625665,20.146568179278177],[86.49468910661713,20.148675918558865],[86.49036002119803,20.14969337015296],[86.4892562625665,20.146568179278177]],[[86.32101452330167,19.988082408776236],[86.31967425376385,19.993167042525045],[86.31837415694193,19.994804859057126],[86.32101452330167,19.988082408776236]],[[86.31573784382655,19.9989323614394],[86.32076084613627,20.00071680523648],[86.31884765629442,20.002326964917543],[86.31573784382655,19.9989323614394]],[[86.32640945912934,20.003455043015933],[86.33689534644319,19.99928522123598],[86.329313754926,20.010442257304334],[86.32640945912934,20.003455043015933]],[[86.3128726478545,20.008198142130652],[86.31448554956856,20.015384077813053],[86.30988740947649,20.015999079194245],[86.3128726478545,20.008198142130652]],[[86.31607353646464,20.021334529365078],[86.31573915503813,20.031132221275044],[86.30130326723216,20.02680385081709],[86.31607353646464,20.021334529365078]],[[86.27250003794651,20.024444341832975],[86.2686109539325,20.024722218855345],[86.26472222784858,20.022222161123835],[86.27250003794651,20.024444341832975]],[[86.25520706155672,20.024802446475803],[86.25389504422097,20.02246654019868],[86.25768184654007,20.021392941231284],[86.25520706155672,20.024802446475803]],[[86.26677286647461,20.035366773557826],[86.30775582826888,20.0342619420351],[86.26891577284474,20.058253407169047],[86.24469101457876,20.034114956839886],[86.26677286647461,20.035366773557826]],[[86.26777780040524,20.03083324435886],[86.26333332027653,20.033611059502874],[86.2625000480389,20.032222151930824],[86.26777780040524,20.03083324435886]],[[86.2546031479171,20.052404045710205],[86.26257634202463,20.05869865431947],[86.25042974953342,20.051580309883434],[86.2546031479171,20.052404045710205]],[[86.2916666268134,20.04722225640205],[86.29694438007917,20.04972207581318],[86.2916666268134,20.05027782895874],[86.2916666268134,20.04722225640205]],[[86.29857540133386,20.041182040818626],[86.30354595158454,20.039062499734655],[86.29992234743847,20.042364955078682],[86.29857540133386,20.041182040818626]],[[86.31334054443064,20.038225412572842],[86.30987775345571,20.04056787490751],[86.30874204640847,20.039062499734655],[86.31334054443064,20.038225412572842]],[[86.32117235701881,20.02423441398713],[86.32657206015247,20.02441585041123],[86.32012402990009,20.029546022231216],[86.32117235701881,20.02423441398713]],[[86.14706504331716,20.2148437503389],[86.12331485729496,20.218113541406836],[86.13281250029681,20.173828125167915],[86.14647114272915,20.177594900484365],[86.14706504331716,20.2148437503389]],[[86.11945080770877,20.2148437503389],[86.06950056549877,20.24348497395249],[86.02981305103154,20.288195967370058],[86.01421534975864,20.254214048739414],[86.03835046270373,20.206784367904305],[86.12663626675041,20.17033851191283],[86.11945080770877,20.2148437503389]],[[84.76130843133913,19.105512857332542],[84.76542842348303,19.104216813755016],[84.764630079115,19.1073191168838],[84.76130843133913,19.105512857332542]],[[84.76797294639451,19.105615258637314],[84.76708543334613,19.10166597400554],[84.76990854734166,19.10548913501563],[84.76797294639451,19.105615258637314]],[[83.2702175376094,17.709669947510122],[83.26865315431965,17.70872211423425],[83.26992976624578,17.70824897281186],[83.2702175376094,17.709669947510122]],[[82.19709694386901,16.724373459367712],[82.19292557255719,16.72616231433942],[82.19681346407017,16.723446250244365],[82.19709694386901,16.724373459367712]],[[81.7581783532485,17.010526657479346],[81.75256872136944,17.009196162672836],[81.76087105295679,17.0027159456844],[81.7581783532485,17.010526657479346]],[[81.7539849278622,17.01869904962146],[81.74825692181949,17.0177232024639],[81.75090634794961,17.01341784026124],[81.7539849278622,17.01869904962146]],[[81.73430073239305,17.020457744929075],[81.74634170490592,17.026118636366107],[81.73533475399572,17.029479503576326],[81.73430073239305,17.020457744929075]],[[81.74068772835611,17.03244042428628],[81.74936556826648,17.03386914754313],[81.74093556442492,17.03359222380213],[81.74068772835611,17.03244042428628]],[[81.74889075770247,17.036505341948043],[81.76345205326973,17.034019708442884],[81.75130355331643,17.039642453336654],[81.73528242154666,17.06109523755522],[81.74072444407787,17.036816358987892],[81.74889075770247,17.036505341948043]],[[81.72614026076448,17.068205356791893],[81.72052741021187,17.070695638892687],[81.72060286962679,17.065102219991473],[81.72614026076448,17.068205356791893]],[[81.71280145682178,17.075751662509262],[81.70776784431061,17.082095741925016],[81.7126088139457,17.071398020202594],[81.71280145682178,17.075751662509262]],[[81.70928454374686,17.083379030418],[81.71484994876627,17.0816980599176],[81.70907974203661,17.085930347707432],[81.70928454374686,17.083379030418]],[[81.72778105764976,17.07649421653491],[81.73401987591669,17.096570253814264],[81.72376430048209,17.113327979802463],[81.71603047892356,17.09756231305036],[81.72778105764976,17.07649421653491]],[[81.71587705638106,17.088298559431053],[81.7122248412035,17.091043829908926],[81.71218490590869,17.086903214511793],[81.71587705638106,17.088298559431053]],[[81.6579810376949,17.250857949434874],[81.64163935157498,17.22442865335975],[81.6580929754106,17.188025831726833],[81.6654088496388,17.225580930415646],[81.6579810376949,17.250857949434874]],[[81.67790305618118,17.296258569077736],[81.65783286089791,17.305571556082512],[81.66061484799687,17.282359838236033],[81.67790305618118,17.296258569077736]],[[81.29125237489725,17.525523901107192],[81.28435492553953,17.53049707378095],[81.29099822019171,17.52520394300761],[81.29125237489725,17.525523901107192]],[[81.546433329135,16.348961472593942],[81.52542436124534,16.350754857450738],[81.52097785494416,16.35429155830886],[81.51348674331868,16.350449323577507],[81.546433329135,16.348961472593942]],[[81.50642645371798,16.35315167930665],[81.5408715007193,16.35873675339849],[81.55526339998605,16.351913810174295],[81.54572904126238,16.37977683513286],[81.49473082986404,16.370455145388675],[81.47773575749935,16.39121127158299],[81.50642645371798,16.35315167930665]],[[80.89645755277385,15.885439753741764],[80.89363873034327,15.8842352629471],[80.8941111568046,15.882749438136088],[80.89645755277385,15.885439753741764]],[[80.903520703118,15.904708743014112],[80.89972794099177,15.906067013382028],[80.9006031755961,15.901382446642614],[80.903520703118,15.904708743014112]],[[80.90324735598071,15.922269344154984],[80.90952610954233,15.92648696939817],[80.90866720662635,15.933268069865619],[80.90324735598071,15.922269344154984]],[[80.90906703441615,15.921078443915135],[80.91214156108433,15.92332601518352],[80.91179025171883,15.92660534356179],[80.90906703441615,15.921078443915135]],[[80.90229165543562,15.935664058049923],[80.89566576446347,15.922160863433149],[80.89955854379187,15.913269758292756],[80.9016941782439,15.917637944435597],[80.90229165543562,15.935664058049923]],[[80.90361535586399,15.935496329991722],[80.90662527073962,15.935382127783058],[80.90802085397937,15.939330458234096],[80.90361535586399,15.935496329991722]],[[80.90315866484067,15.945724010254963],[80.90800082697675,15.965170740637248],[80.88939702485291,15.989955306192499],[80.90315866484067,15.945724010254963]],[[80.89343810058804,15.986666441403202],[80.89853405949927,15.995117068498004],[80.89075875311411,16.005116224734067],[80.8891434672972,16.01292204871362],[80.89343810058804,15.986666441403202]],[[80.89878213388843,15.988489508384134],[80.90925633900886,15.982283473103877],[80.9016335009853,15.993623853058438],[80.89878213388843,15.988489508384134]],[[80.89474892632197,16.0373426676301],[80.88292050317878,16.022181868698354],[80.88685691401545,16.01342153577528],[80.89474892632197,16.0373426676301]],[[80.89077425023154,16.043943643784218],[80.89145386250576,16.045479774871794],[80.89002764206205,16.045050144448737],[80.89077425023154,16.043943643784218]],[[80.88630175622123,16.088085413111457],[80.88210594673214,16.083346128021475],[80.89098775378196,16.05832195249613],[80.88788831229593,16.048841357043088],[80.8938908579768,16.047510504306445],[80.88630175622123,16.088085413111457]],[[80.87664461125993,16.080537914892872],[80.88139963178773,16.115712403804466],[80.86412513286862,16.1337175371347],[80.86219823376157,16.12435174014074],[80.870098352557,16.114539742715067],[80.86958253380689,16.106142401350766],[80.8742717500414,16.10316085828704],[80.87664461125993,16.080537914892872]],[[80.68355441050775,16.439701676691115],[80.6828353404787,16.43799293062932],[80.68400096886975,16.437870025681235],[80.68355441050775,16.439701676691115]],[[80.59804844867702,16.50648176692006],[80.59849333789734,16.5077166556992],[80.58444452279664,16.513342261336348],[80.58891785137789,16.508412361341456],[80.59804844867702,16.50648176692006]],[[80.57788312400712,16.513230323620633],[80.57005965712764,16.50944542876354],[80.57925963442469,16.511168718661523],[80.57788312400712,16.513230323620633]],[[80.56368410593674,16.520823359910224],[80.59311807114207,16.51370465754397],[80.56656610933854,16.530964135986153],[80.56368410593674,16.520823359910224]],[[80.5557476284504,16.5394486189587],[80.53902804810602,16.54339754566024],[80.54986965685927,16.533228636092772],[80.56085944151002,16.51738882023791],[80.5557476284504,16.5394486189587]],[[80.54989826699156,16.532263040307143],[80.5488921405599,16.52725434261383],[80.55721926645609,16.520557880042176],[80.54989826699156,16.532263040307143]],[[80.55902671850836,16.532584547938583],[80.56267952903713,16.536093831165445],[80.55701160400238,16.538357735021563],[80.55902671850836,16.532584547938583]],[[80.54998552820965,16.5466911795543],[80.54729354346236,16.54630172274635],[80.5499116183266,16.546309471305122],[80.54998552820965,16.5466911795543]],[[80.53941071053603,16.554591417060266],[80.53709065930659,16.55529415630032],[80.53946256634438,16.55427134025024],[80.53941071053603,16.554591417060266]],[[80.53001105766432,16.562946557737547],[80.52746415154942,16.561543225939218],[80.53037500340375,16.562062621292966],[80.53001105766432,16.562946557737547]],[[80.52082240552969,16.56488537825767],[80.52139842489746,16.570669055032965],[80.51938104589865,16.568385124174213],[80.52082240552969,16.56488537825767]],[[80.47078645253285,16.568789243528897],[80.5199735165647,16.57112014328007],[80.50230646177394,16.579726457410132],[80.47078645253285,16.568789243528897]],[[80.45683705838368,16.57485604307199],[80.45587873451612,16.573709249182627],[80.45745897285346,16.57412755534247],[80.45683705838368,16.57485604307199]],[[80.41713952996534,16.58459341565367],[80.38790965061,16.585966944818736],[80.36437654474182,16.582711458367214],[80.39982724153404,16.565336346894952],[80.41713952996534,16.58459341565367]],[[80.41274654861436,16.58887994245545],[80.40869820096125,16.58764636488789],[80.41318547712817,16.58858132346937],[80.41274654861436,16.58887994245545]],[[80.14458644370947,16.690811515139416],[80.14347684398123,16.693014740837654],[80.14422333254092,16.690271377821873],[80.14458644370947,16.690811515139416]],[[80.79126524969158,15.830836057737997],[80.7894989254352,15.824400424639919],[80.79136180900039,15.8238313201594],[80.79126524969158,15.830836057737997]],[[80.79059791586124,15.841462612509588],[80.78620457658005,15.842460632452287],[80.78885853259536,15.837673664408186],[80.79059791586124,15.841462612509588]],[[80.78000795810092,15.843545913613127],[80.77569854265377,15.858024119917289],[80.77310526389695,15.861657738913564],[80.78000795810092,15.843545913613127]],[[80.78402614608993,15.852841019397573],[80.78805255927821,15.8544449809512],[80.78584754482844,15.856565951957222],[80.78402614608993,15.852841019397573]],[[80.06013870243922,15.19957053625133],[80.05939674376478,15.199079155678561],[80.06249964224472,15.197150945359951],[80.06013870243922,15.19957053625133]],[[80.1880694623359,14.590725063910668],[80.19016504278258,14.591171502662775],[80.18843793885995,14.59272754204251],[80.1880694623359,14.590725063910668]],[[80.18567001805698,14.579345345811191],[80.19072520710276,14.579440950939187],[80.19106173521098,14.581491947495422],[80.18567001805698,14.579345345811191]],[[80.10526287588104,14.253576278622461],[80.10200345489565,14.243633747299683],[80.10809040105121,14.241785406671212],[80.10526287588104,14.253576278622461]],[[80.10040545494789,14.234235525249389],[80.09669280083213,14.241441369223878],[80.0932898525447,14.233341455243988],[80.10040545494789,14.234235525249389]],[[80.12446165058483,14.068565010666816],[80.12618577505353,14.065290213072913],[80.12923038037783,14.065327525045262],[80.12446165058483,14.068565010666816]],[[79.8367518186416,13.87958955721237],[79.84063696902095,13.880867242928971],[79.83509230596522,13.880495309411117],[79.8367518186416,13.87958955721237]],[[80.32153487223658,13.435195326503163],[80.32507586465951,13.435603737422639],[80.32251822963272,13.438372612406155],[80.32153487223658,13.435195326503163]],[[80.28516364108921,13.452189445586498],[80.275850772795,13.4552669526078],[80.28642535214831,13.448513746412303],[80.28516364108921,13.452189445586498]],[[80.22443115707225,13.490050435179555],[80.22786307342213,13.49232721373005],[80.22722387308332,13.493887543775216],[80.22443115707225,13.490050435179555]],[[80.23162114599924,13.494457960366603],[80.2339128254167,13.490568756742832],[80.23478603384845,13.492630720531423],[80.23162114599924,13.494457960366603]],[[80.26801073590676,13.509486913290445],[80.26503324518816,13.519600510954945],[80.2658729556725,13.499411702288327],[80.26801073590676,13.509486913290445]],[[80.19456994554653,13.519179463661374],[80.18869376180774,13.515398740759338],[80.19692444800498,13.512879252275724],[80.19456994554653,13.519179463661374]],[[80.1836056710649,13.532633066063198],[80.1837785243595,13.535156249861089],[80.18009984483203,13.533845425026456],[80.1836056710649,13.532633066063198]],[[80.16765630249645,13.590140342902544],[80.12073671802526,13.605031251690974],[80.15808415426037,13.591112733066225],[80.12688624890134,13.584928154710653],[80.14245164382837,13.544706701952833],[80.16765630249645,13.590140342902544]],[[80.0550868507776,13.586432456992327],[80.05307376424295,13.589311957580875],[80.05231761966249,13.588555216749896],[80.0550868507776,13.586432456992327]],[[80.09488582631994,13.636663913608842],[80.09625995173539,13.641572475389523],[80.09152686567248,13.636553048784222],[80.09488582631994,13.636663913608842]],[[80.10033094881427,13.639035344005961],[80.10827386364795,13.647219062210041],[80.10650801693149,13.652950644856489],[80.10033094881427,13.639035344005961]],[[79.98751044235317,12.249971747698098],[79.99085080592008,12.24889028056208],[79.99165225025124,12.25053775311494],[79.98751044235317,12.249971747698098]],[[79.75164830702383,11.360993862077123],[79.75464594345564,11.36012983302544],[79.75602972489199,11.361513018211298],[79.75164830702383,11.360993862077123]],[[79.83888971848577,11.236339926846256],[79.84102845200155,11.233177423099647],[79.84202981022767,11.234226465179347],[79.83888971848577,11.236339926846256]],[[79.82386863193196,11.234418153874742],[79.82642686410864,11.23719882976225],[79.8237313036569,11.234686255266496],[79.82386863193196,11.234418153874742]],[[79.70681905725374,10.288170456501405],[79.70658457252014,10.285300851153394],[79.7079427241774,10.286401152791015],[79.70681905725374,10.288170456501405]],[[79.70078670983881,10.289312124255162],[79.69760513327029,10.288659930511429],[79.70080411441845,10.288635254013784],[79.70078670983881,10.289312124255162]],[[79.69419205232148,10.289461373943325],[79.69383192060681,10.291320205163373],[79.69348144491292,10.290916442839631],[79.69419205232148,10.289461373943325]],[[79.69292104227239,10.295506357732322],[79.68877804277255,10.295071840393234],[79.69125890717285,10.293305874066903],[79.69292104227239,10.295506357732322]],[[79.68586111060179,10.295330047443812],[79.68400681016632,10.297936558825214],[79.68379175618466,10.296449542412546],[79.68586111060179,10.295330047443812]],[[79.60771620314043,10.302317857982828],[79.60558605185494,10.30197775327079],[79.60899198049563,10.301102280346058],[79.60771620314043,10.302317857982828]],[[79.70389342324293,10.30351400396819],[79.70497655862138,10.30643177070975],[79.69888484515954,10.309110403222604],[79.70389342324293,10.30351400396819]],[[79.69173920180279,10.304248332794387],[79.69244360928528,10.308036327614516],[79.68869841140261,10.310028910505906],[79.69173920180279,10.304248332794387]],[[79.68346107007247,10.307448864373697],[79.66978704923295,10.306553841086924],[79.68274104586263,10.3054292199826],[79.68346107007247,10.307448864373697]],[[79.62196350131464,10.30542874334192],[79.6237101555993,10.308657765443613],[79.62099754849814,10.305870175568245],[79.62196350131464,10.30542874334192]],[[79.60547113378593,10.309829711572021],[79.609879851474,10.309322118920733],[79.60927045376846,10.310708522780189],[79.60547113378593,10.309829711572021]],[[79.69768142725619,10.311948061054252],[79.71641945859128,10.315091013539458],[79.68884336952598,10.318453073250794],[79.69768142725619,10.311948061054252]],[[79.61749064937399,10.308621763783478],[79.61988425255632,10.30610454069209],[79.62116706350932,10.307657122178568],[79.61749064937399,10.308621763783478]],[[79.62834954219775,10.306697249678422],[79.63143455945746,10.308427214344519],[79.6281869411745,10.307970166290175],[79.62834954219775,10.306697249678422]],[[79.63310325151397,10.33050155600202],[79.62817990757682,10.330032348214374],[79.62793683971339,10.326035737659254],[79.63310325151397,10.33050155600202]],[[79.62880134540583,10.341907024389712],[79.6251139640382,10.338795900710323],[79.62848782555275,10.336948632973062],[79.62880134540583,10.341907024389712]],[[79.6209739448918,10.299694180342257],[79.62817144405696,10.297134757463198],[79.62943065140357,10.298543334107677],[79.6209739448918,10.299694180342257]],[[78.48670971418207,9.131087779677358],[78.48506605655339,9.133270144701427],[78.48471462757814,9.131134271929184],[78.48670971418207,9.131087779677358]],[[78.11124086417462,8.631681323334533],[78.11825323070215,8.617411851475836],[78.11954057243955,8.637903570693311],[78.11124086417462,8.631681323334533]],[[78.12027406669492,8.617336153740553],[78.11926281412772,8.61521172484126],[78.1216193436579,8.617584943990025],[78.12027406669492,8.617336153740553]],[[78.11536836655696,8.616397142813938],[78.11753940551918,8.610117316361126],[78.12066257022158,8.614073276660477],[78.11536836655696,8.616397142813938]],[[78.12735831693291,8.596328258742204],[78.12585246601864,8.594958424891502],[78.1275963782704,8.595624327900495],[78.12735831693291,8.596328258742204]],[[76.56456124790336,8.94975435757766],[76.56335270386435,8.950567007461501],[76.56322944188534,8.9503009322423],[76.56456124790336,8.94975435757766]],[[76.60587394252852,8.961851358753279],[76.6080975531597,8.962017655090776],[76.60724234555781,8.962975144387428],[76.60587394252852,8.961851358753279]],[[76.55089437937224,8.954639077431509],[76.55103015901469,8.956537246796586],[76.54988718004947,8.955203652026938],[76.55089437937224,8.954639077431509]],[[76.543502330768,8.957151770637822],[76.54509115223502,8.961248755425771],[76.54345607773584,8.960334658417821],[76.543502330768,8.957151770637822]],[[76.31072330433707,9.887241840738398],[76.31688606783783,9.902855157839383],[76.30795776853634,9.921387552893322],[76.30443382276283,9.903179407503742],[76.31072330433707,9.887241840738398]],[[76.2885283231237,9.847365141288265],[76.28906249973474,9.844308018300524],[76.29044354003739,9.846636057308316],[76.2885283231237,9.847365141288265]],[[76.34726095233125,9.869282007158958],[76.34908914544778,9.838705777949357],[76.37184894047633,9.831042766310688],[76.36625444868392,9.855315208430198],[76.34726095233125,9.869282007158958]],[[76.37293434124692,9.840661406798517],[76.37645161135285,9.839358449233131],[76.37730455356242,9.841507553730693],[76.37293434124692,9.840661406798517]],[[76.3772052522207,9.83890402360187],[76.37920141261517,9.837092757524829],[76.37832355468836,9.839532137098544],[76.3772052522207,9.83890402360187]],[[76.32310104327868,9.809354901107852],[76.32914841206966,9.81734025494886],[76.32374215107941,9.825639009033054],[76.32310104327868,9.809354901107852]],[[76.37006366210844,9.824292063827727],[76.36952352479099,9.82634484733694],[76.36677432067845,9.826496600737627],[76.37006366210844,9.824292063827727]],[[76.37314403077247,9.821449041540092],[76.37342906010312,9.824760913685324],[76.37174642046094,9.825624704416626],[76.37314403077247,9.821449041540092]],[[76.37063014506523,9.755578040893965],[76.3717889781789,9.757926940575928],[76.37121224385007,9.758222580108068],[76.37063014506523,9.755578040893965]],[[76.3810764550145,9.716452241178047],[76.3815083499305,9.715251445697746],[76.38174605333776,9.717075943500092],[76.3810764550145,9.716452241178047]],[[76.38190674779824,9.617259979164814],[76.38792502891695,9.618993163403871],[76.38536632099905,9.620496511504811],[76.38190674779824,9.617259979164814]],[[76.38331365620039,9.534954905944176],[76.42572283753898,9.549726248067941],[76.42594265972602,9.550430417230032],[76.40800654846359,9.561171770460902],[76.38331365620039,9.534954905944176]],[[76.43553745738782,9.528593301439741],[76.46391594406558,9.529870032975708],[76.46452355391901,9.54153144392103],[76.43632304667133,9.551376343043898],[76.43553745738782,9.528593301439741]],[[76.46660065689494,9.541044950264293],[76.47898542853474,9.529854774178546],[76.47910201574555,9.536925554370924],[76.46660065689494,9.541044950264293]],[[76.43458044563116,9.551339149781995],[76.40602314495229,9.542270540952785],[76.4065370562403,9.5278046130925],[76.43415617966409,9.528599262146258],[76.43458044563116,9.551339149781995]],[[76.4048830267304,9.527622818738166],[76.38246405137497,9.533906102184957],[76.38332200011033,9.527323723111408],[76.4048830267304,9.527622818738166]],[[76.37194681189592,10.117083549166551],[76.37399506551989,10.114655852685544],[76.37485814129028,10.117786168796755],[76.37194681189592,10.117083549166551]],[[76.19851171984001,10.193947434426647],[76.19818425150206,10.198853135463864],[76.19394040112863,10.194293618555733],[76.19851171984001,10.193947434426647]],[[76.22231221213897,10.206502914478008],[76.22663474060087,10.210714459404855],[76.2209643127529,10.217188954007085],[76.22231221213897,10.206502914478008]],[[76.22290575479681,10.220807671237125],[76.22020184953581,10.219182134048367],[76.22300291035614,10.22044515631896],[76.22290575479681,10.220807671237125]],[[76.22913885157678,10.222829461410626],[76.23103666301174,10.222114325016179],[76.23135435571899,10.223935127504248],[76.22913885157678,10.222829461410626]],[[76.23462212061438,10.226413011551344],[76.23303484957879,10.227993130278762],[76.23240637815198,10.226740240669642],[76.23462212061438,10.226413011551344]],[[76.2406084533176,10.230561017577031],[76.24448084861243,10.22868025279152],[76.24564754989458,10.23068428045525],[76.2406084533176,10.230561017577031]],[[76.05095827540416,10.533674955534849],[76.05106246456123,10.53549873837612],[76.04962074789924,10.534037828383148],[76.05095827540416,10.533674955534849]],[[76.07326424105199,10.508915543117908],[76.07447731497624,10.509283543001189],[76.07304561136598,10.512529253822095],[76.07326424105199,10.508915543117908]],[[76.05152654621318,10.537822842849977],[76.04958534248962,10.536317229356712],[76.050087213654,10.53615963485936],[76.05152654621318,10.537822842849977]],[[75.94555544822552,10.797098040742057],[75.93598926069595,10.798698067761734],[75.93338894834145,10.79377663128659],[75.94555544822552,10.797098040742057]],[[75.93095970142909,10.79568421835205],[75.92833173312303,10.796012163330687],[75.92812955383593,10.795685052922948],[75.93095970142909,10.79568421835205]],[[75.83621764193063,11.128171444256779],[75.83031904708642,11.129513740866557],[75.83096921465759,11.126749753698263],[75.83621764193063,11.128171444256779]],[[75.81022477155605,11.15958404566723],[75.81158375778423,11.160920501180243],[75.8107551332429,11.161616921783562],[75.81022477155605,11.15958404566723]],[[75.87038552777003,11.208044767751844],[75.86784565435349,11.209324360031275],[75.86649084097954,11.206313848905097],[75.87038552777003,11.208044767751844]],[[75.60358822311801,11.562680125587349],[75.60414004352825,11.564255714429777],[75.60158014310915,11.564283966631862],[75.60358822311801,11.562680125587349]],[[75.36859834203997,11.937378168467788],[75.3655556441777,11.93589889971453],[75.36512315301124,11.933404445658766],[75.36859834203997,11.937378168467788]],[[75.36741054086386,11.94043624383761],[75.36611342439508,11.940220117864229],[75.36447977981814,11.936020851381244],[75.36741054086386,11.94043624383761]],[[75.38171720508504,11.956792712114037],[75.3799960609696,11.961949944534354],[75.37748765932818,11.956758260885053],[75.38171720508504,11.956792712114037]],[[75.3824237583498,11.964082240702965],[75.38277685646679,11.966414451665713],[75.38092684759604,11.964676737541481],[75.3824237583498,11.964082240702965]],[[75.42614781866692,12.014859557023044],[75.42675066031481,12.016146659540766],[75.42290055741492,12.016286611138284],[75.42614781866692,12.014859557023044]],[[75.30155241491215,11.959636926902704],[75.30087435216976,11.957967161955068],[75.30236566104648,11.95649945758396],[75.30155241491215,11.959636926902704]],[[75.28801417371525,11.982491135457579],[75.28909552124136,11.972344517385608],[75.29921495910324,11.961691856194236],[75.28801417371525,11.982491135457579]],[[75.2981243134864,12.01448130576766],[75.28821265678877,12.01163542273666],[75.29537773089763,12.01007354226023],[75.2981243134864,12.01448130576766]],[[75.29786455600455,12.020763516323257],[75.2972548003689,12.018566250432144],[75.30000245584873,12.01994025713718],[75.29786455600455,12.020763516323257]],[[75.194543242077,12.11408185998991],[75.19275212261252,12.115559220381797],[75.19219291247308,12.113518357386397],[75.194543242077,12.11408185998991]],[[74.8730138542061,12.836272954733161],[74.87768065933503,12.839821219074082],[74.86899697742868,12.836856960979986],[74.8730138542061,12.836272954733161]],[[74.90512227996928,12.855041741982873],[74.90212130525404,12.856026649810076],[74.90010654957771,12.85451245318724],[74.90512227996928,12.855041741982873]],[[74.91169810298507,12.857154727009117],[74.9071271422039,12.863141655962679],[74.90143525563266,12.85677015801646],[74.91169810298507,12.857154727009117]],[[74.83126461517,12.859727859153452],[74.82938694944826,12.861258268754185],[74.83051085469233,12.857259154486442],[74.83126461517,12.859727859153452]],[[74.83013033894409,12.86659991705254],[74.82824861997793,12.866340875431135],[74.8293035031542,12.863034844382653],[74.83013033894409,12.86659991705254]],[[74.8244341608079,12.873813629195723],[74.82230782534597,12.87272107611686],[74.82473587975718,12.872035622745827],[74.8244341608079,12.873813629195723]],[[74.8383307458673,12.942522168063647],[74.83648765098442,12.94345116593864],[74.83604872247074,12.940265059484943],[74.8383307458673,12.942522168063647]],[[74.86225843467903,12.945667624261475],[74.85801792168982,12.948999643019178],[74.8536071778291,12.949634551793181],[74.86225843467903,12.945667624261475]],[[74.72238063825594,13.288190603413739],[74.72862446304859,13.286911249454704],[74.72258532035633,13.289236903460434],[74.72238063825594,13.288190603413739]],[[74.72517490379889,13.280014038417193],[74.72757434807781,13.280834436859891],[74.72827506024592,13.282998800154516],[74.72517490379889,13.280014038417193]],[[74.69936406609887,13.42362773463229],[74.70085930861026,13.423958540354391],[74.69985735413368,13.425359606760495],[74.69936406609887,13.42362773463229]],[[74.70543491798716,13.421875000031278],[74.70540142093884,13.417491078450595],[74.70827746363412,13.417792201149197],[74.70543491798716,13.421875000031278]],[[74.700906872854,13.42017507541945],[74.69948720936733,13.418333411357935],[74.70054650281887,13.417421818062508],[74.700906872854,13.42017507541945]],[[74.72681307826102,13.411459803926874],[74.72766625879089,13.411603331228832],[74.72500681870983,13.412817716364572],[74.72681307826102,13.411459803926874]],[[74.73003733125793,13.409567952299255],[74.73247933415396,13.408135652438489],[74.73287773112244,13.408614277926617],[74.73003733125793,13.409567952299255]],[[74.73685455299531,13.40507161636208],[74.73996782335647,13.406346202115543],[74.73565280423364,13.407366276132805],[74.73685455299531,13.40507161636208]],[[74.67367196049267,13.621870040769807],[74.67751812975789,13.619040966067757],[74.67550826099753,13.6251928810467],[74.67367196049267,13.621870040769807]],[[74.71440100680113,13.639373541255978],[74.71659684187082,13.640370368697646],[74.71288073076116,13.641273736793607],[74.71440100680113,13.639373541255978]],[[74.7007553577736,13.640247941289516],[74.69612884497027,13.651536226215967],[74.68980860748135,13.648094653845234],[74.7007553577736,13.640247941289516]],[[74.71051084989588,13.641123175893867],[74.71208274342396,13.639328360215742],[74.71265745158021,13.639549970254947],[74.71051084989588,13.641123175893867]],[[74.68793201465078,13.644143461751455],[74.68195676789057,13.642766713912792],[74.68807685406367,13.643731355517701],[74.68793201465078,13.644143461751455]],[[74.72798144778571,13.636439561536633],[74.72856831567529,13.634372353801155],[74.73208832781413,13.63603031604633],[74.72798144778571,13.636439561536633]],[[74.67610442607841,13.663603902298291],[74.67953681906906,13.671274661596442],[74.67836117762627,13.676984548997822],[74.67610442607841,13.663603902298291]],[[74.45155906709729,14.267887711948433],[74.45622527597587,14.264626503110705],[74.45849811999241,14.265483260244295],[74.45155906709729,14.267887711948433]],[[74.4655053612835,14.26487743824319],[74.46665954580155,14.265910148634532],[74.4651169773667,14.266748070367242],[74.4655053612835,14.26487743824319]],[[74.44824516788029,14.26176905659672],[74.44779670205625,14.2676061396117],[74.44369351824142,14.263412714225382],[74.44824516788029,14.26176905659672]],[[74.4753011466307,14.263980746714168],[74.4709285502125,14.258522748626007],[74.48275971448939,14.260249137587664],[74.4753011466307,14.263980746714168]],[[74.44474375282206,14.265759826055174],[74.44037973863416,14.267466545045124],[74.43900334872572,14.267654180496123],[74.44474375282206,14.265759826055174]],[[74.47577381141232,14.256534457299495],[74.4787504675601,14.257765531154448],[74.47581875323297,14.256855130360051],[74.47577381141232,14.256534457299495]],[[74.38327944279214,14.509558438870911],[74.38488972208305,14.482963442708794],[74.41125106808246,14.481413245325086],[74.39411413665815,14.491358637391244],[74.39824295025201,14.493238330184838],[74.38620233566931,14.500038147342636],[74.38327944279214,14.509558438870911]],[[74.38726627861595,14.502570032980756],[74.38934922178927,14.501733779490394],[74.3870524171355,14.504510163813094],[74.38726627861595,14.502570032980756]],[[74.38991343935376,14.479035615900997],[74.38673365153696,14.477707743517655],[74.39135754101787,14.47776174510858],[74.38991343935376,14.479035615900997]],[[74.37482214002986,14.541635751688688],[74.36390244943865,14.55185067686729],[74.36401796375819,14.542988300569675],[74.37482214002986,14.541635751688688]],[[74.32167041295926,14.604797005977105],[74.327053070343,14.609683633293145],[74.32047653236614,14.604952573402628],[74.32167041295926,14.604797005977105]],[[74.15857207813903,14.854257344800686],[74.15728354479981,14.855641365456734],[74.15487301367878,14.851973653161608],[74.15857207813903,14.854257344800686]],[[74.17321467421797,14.859720468125175],[74.16913282861717,14.861248254403463],[74.16891872881641,14.859420657537441],[74.17321467421797,14.859720468125175]],[[74.2411874534383,14.869896530900263],[74.22619175924231,14.867308378279063],[74.23216593221215,14.865643859076954],[74.2411874534383,14.869896530900263]],[[74.29358720788346,14.895714044267777],[74.29257786277824,14.891805649111461],[74.3000545501774,14.896366834262025],[74.29358720788346,14.895714044267777]],[[73.94900512658543,15.169224261890207],[73.94628083729091,15.16897428003908],[73.95073604543225,15.164381146472792],[73.94900512658543,15.169224261890207]],[[73.86202335389478,15.40767955816517],[73.86521065195015,15.403759836946989],[73.86515724660981,15.408175349013277],[73.86202335389478,15.40767955816517]],[[73.9780246023536,15.363259553885428],[73.97984707398328,15.363089561334192],[73.97813665877979,15.365283012301276],[73.9780246023536,15.363259553885428]],[[73.98052644703799,15.362420201331304],[73.98189806964032,15.358771562757454],[73.98941874467934,15.353346705586063],[73.98052644703799,15.362420201331304]],[[74.00758647903288,15.315371155854208],[74.01029133757518,15.310983657669794],[74.00740396971756,15.317941546865],[74.00758647903288,15.315371155854208]],[[73.88055717977014,15.5044826272715],[73.91072845415496,15.507390856702727],[73.93148231495698,15.529956817253392],[73.91485714903828,15.545479774072362],[73.88055717977014,15.5044826272715]],[[73.90181660615158,15.537506579964827],[73.9000159502759,15.544439316021709],[73.8995647433184,15.538333773684755],[73.90181660615158,15.537506579964827]],[[73.49485182804958,15.996093750226464],[73.49367654363769,15.996093750226464],[73.49387836499469,15.995027541887609],[73.49485182804958,15.996093750226464]],[[73.49920666195797,16.007160544723448],[73.4964207412244,16.00743353393051],[73.49523973442635,16.005729556074186],[73.49920666195797,16.007160544723448]],[[73.51798224448501,16.014462948006667],[73.51618945587873,16.016183018331688],[73.50880074465871,16.01077294331678],[73.51798224448501,16.014462948006667]],[[73.46747267252593,16.134310961082093],[73.46163046337526,16.13475000830627],[73.46423566354511,16.129605770190253],[73.46747267252593,16.134310961082093]],[[73.47939515126538,16.158942103195585],[73.47841715832524,16.16118025766285],[73.47726511958965,16.15850925409893],[73.47939515126538,16.158942103195585]],[[73.45053863534977,16.49556505668214],[73.45124173162074,16.497560859146404],[73.44866764529567,16.497807741034492],[73.45053863534977,16.49556505668214]],[[73.38207852880109,16.621184229768517],[73.38776075845234,16.627282738507674],[73.37954950300733,16.63117671033693],[73.38207852880109,16.621184229768517]],[[73.43991827960505,17.581405043607887],[73.44116890472125,17.58345580094455],[73.43879580518231,17.582306504241856],[73.43991827960505,17.581405043607887]],[[73.4468379017479,17.583239913291465],[73.45370841011518,17.58331346524426],[73.44547283610265,17.586524963156563],[73.4468379017479,17.583239913291465]],[[73.44479107894526,17.585850000377306],[73.44059896477054,17.58629083635303],[73.44537043569719,17.583768248805725],[73.44479107894526,17.585850000377306]],[[73.43651211264395,17.58385705955577],[73.43770396706444,17.592497944524567],[73.4361399408057,17.59411454245226],[73.43651211264395,17.58385705955577]],[[73.45317327932352,17.582060813955422],[73.45364093757937,17.579269647476323],[73.45953333339676,17.579646944550973],[73.45317327932352,17.582060813955422]],[[73.03844606863126,18.051211237508696],[73.03682720621069,18.050697445830508],[73.03846001621693,18.04998004404382],[73.03844606863126,18.051211237508696]],[[73.07932615248009,18.306239604674133],[73.07592141634038,18.30734062217202],[73.0766992570652,18.30469560631724],[73.07932615248009,18.306239604674133]],[[73.08194625351692,18.322040200195175],[73.08065795939737,18.319074749600134],[73.08199012244629,18.319411754349048],[73.08194625351692,18.322040200195175]],[[73.05104684843334,18.48663544666863],[73.05424654454256,18.484943747256168],[73.05455327001752,18.485429763372935],[73.05104684843334,18.48663544666863]],[[73.07728254835095,18.471968650732734],[73.08020412911733,18.47135376896128],[73.07733070884521,18.47313976318962],[73.07728254835095,18.471968650732734]],[[72.90155994883267,18.943155527006056],[72.90070605244253,18.964315056694545],[72.89914131122256,18.940879940956606],[72.90155994883267,18.943155527006056]],[[72.92775845548849,18.967332243488286],[72.93516945820406,18.952126145705122],[72.94181966774349,18.969527601917378],[72.92775845548849,18.967332243488286]],[[73.02826344979852,18.99800574786707],[73.02646005188993,18.996223926493144],[73.0282684563243,18.9927734139619],[73.02826344979852,18.99800574786707]],[[73.04698562608584,19.00613403275952],[73.0658942462226,19.002840041834517],[73.05648624854163,19.01676654823771],[73.04698562608584,19.00613403275952]],[[73.06542468050466,19.02097320534925],[73.06266534373074,19.021142839970167],[73.06241595723068,19.020844817234618],[73.06542468050466,19.02097320534925]],[[72.99544823155074,19.259735465419467],[72.998434305399,19.259422302597216],[72.99466133105565,19.262592554003234],[72.99544823155074,19.259735465419467]],[[72.8746043443152,19.523594855818033],[72.87546634629493,19.5262217521322],[72.8708105083983,19.524893641428477],[72.8746043443152,19.523594855818033]],[[72.86623907097638,19.524146556618376],[72.8501839637191,19.537426114124003],[72.84330987964736,19.52558851249991],[72.86623907097638,19.524146556618376]],[[72.88881135016382,19.555673837777448],[72.88412845166678,19.55832397976792],[72.88860523724199,19.555547356225546],[72.88881135016382,19.555673837777448]],[[72.88790810077833,20.74180877245692],[72.89987051481242,20.744690656248878],[72.89183771633768,20.74993777231043],[72.88790810077833,20.74180877245692]],[[72.85354995706493,20.76112604183345],[72.84727895296137,20.75365674506284],[72.85746657832007,20.752336740847937],[72.85354995706493,20.76112604183345]],[[71.38772344598041,20.86346161336283],[71.38631737214908,20.865097880362924],[71.38744163532337,20.863291740421516],[71.38772344598041,20.86346161336283]],[[71.50660312213645,20.904101252670728],[71.52047085784389,20.90325701230131],[71.5303214784536,20.90382015697469],[71.51633286486995,20.913976311457702],[71.50660312213645,20.904101252670728]],[[72.83858466175289,20.94715964829922],[72.8446166512376,20.949290037005653],[72.8388655182292,20.95371854337614],[72.83858466175289,20.94715964829922]],[[71.64825606336663,20.97439241397879],[71.64518094044811,20.97656953325742],[71.64410805734113,20.97499573226736],[71.64825606336663,20.97439241397879]],[[71.67380154170783,20.984942555154845],[71.68801236158137,20.994889021011574],[71.6740473507048,20.992619156448967],[71.67380154170783,20.984942555154845]],[[71.69869065255168,20.9994288679479],[71.70353043058495,20.994985342000007],[71.7052700521713,20.998261451704764],[71.69869065255168,20.9994288679479]],[[71.70603990511765,20.99827504136013],[71.71270215478071,20.997063159937],[71.71396136302658,20.998261451704764],[71.70603990511765,20.99827504136013]],[[72.65439963333651,21.073767543237636],[72.64843344724594,21.067631006665664],[72.65787506068554,21.065717458893715],[72.65439963333651,21.073767543237636]],[[72.69177413017204,21.09726345494454],[72.69691574586514,21.11841964724897],[72.71061432359224,21.140424013557407],[72.67510700188669,21.15572154541306],[72.69177413017204,21.09726345494454]],[[72.68072891220962,21.095729350928906],[72.67890763308091,21.09780800343671],[72.68059027182372,21.095449924374577],[72.68072891220962,21.095729350928906]],[[72.66957390321315,21.10490834704268],[72.67321872686287,21.1041524407826],[72.67168116585324,21.115019440994473],[72.66957390321315,21.10490834704268]],[[72.69792354143837,21.116388678594745],[72.7032371758551,21.11402940793093],[72.7021838422107,21.12206780918214],[72.69792354143837,21.116388678594745]],[[72.75597465001024,21.15706551116446],[72.74520385297555,21.15078115482649],[72.74538183240568,21.149591922829075],[72.75597465001024,21.15706551116446]],[[72.10265374187671,21.26953125036698],[72.10235440703028,21.27078676239927],[72.09958457966476,21.265588403082404],[72.10265374187671,21.26953125036698]],[[72.58759534325063,21.33660388016503],[72.58580124343277,21.337156057606023],[72.58631765843322,21.336310744345496],[72.58759534325063,21.33660388016503]],[[72.5829838518234,21.362366676081336],[72.57987940291221,21.36403071864288],[72.5794072147713,21.360234021982592],[72.5829838518234,21.362366676081336]],[[72.60007190689308,21.378245949690864],[72.59369695195281,21.3801572320707],[72.58767092227535,21.367234825926545],[72.60007190689308,21.378245949690864]],[[72.61554384247441,21.39638471598198],[72.62805497605646,21.417434811667277],[72.61269116416602,21.395851016011648],[72.61554384247441,21.39638471598198]],[[72.63243246118927,21.413646816847148],[72.63566947017003,21.413223505060813],[72.63660764652573,21.417392372659947],[72.63243246118927,21.413646816847148]],[[72.67272114726322,21.440201759004083],[72.67138552632113,21.446149468523288],[72.6638739110522,21.43986880749958],[72.67272114726322,21.440201759004083]],[[72.36541092407501,21.589928507794525],[72.34727179985376,21.610150456478436],[72.35869133453755,21.57976293561103],[72.36541092407501,21.589928507794525]],[[72.59066092975812,21.62061846257211],[72.60175657270779,21.626491308027482],[72.61155724497095,21.635362625384914],[72.59629797926848,21.630170225875275],[72.59296298015747,21.63828456408143],[72.59066092975812,21.62061846257211]],[[72.58419942856082,21.626098155905254],[72.58132660364001,21.62672090494584],[72.58227717894871,21.6259125475261],[72.58419942856082,21.626098155905254]],[[72.59581041361983,21.64065134498361],[72.60279095134146,21.641034841984435],[72.59607875333197,21.641240715686536],[72.59581041361983,21.64065134498361]],[[72.61789727204157,21.63842761474268],[72.62023353534946,21.639096141074134],[72.61739921580133,21.639434933675318],[72.61789727204157,21.63842761474268]],[[72.6152516599362,21.63555121411727],[72.6145104171222,21.636395573197262],[72.61459505591714,21.635436653978473],[72.6152516599362,21.63555121411727]],[[72.61070454108184,21.631430864043153],[72.61177873629978,21.63150036365093],[72.61175763640594,21.631955862173385],[72.61070454108184,21.631430864043153]],[[72.60508906810608,21.622689008590925],[72.60739326518714,21.619176149659637],[72.60940825918394,21.628874421517395],[72.60508906810608,21.622689008590925]],[[72.71766841416613,21.665403604193102],[72.7438845637217,21.645583748691138],[72.75093853468567,21.655345678160614],[72.71766841416613,21.665403604193102]],[[72.8426017759513,21.67699003236413],[72.90088713183579,21.666105627572705],[72.91328847438368,21.678292631999398],[72.8426017759513,21.67699003236413]],[[72.8621660468257,21.668085456278845],[72.856134057341,21.66565275147343],[72.86282026764135,21.664312362325745],[72.8621660468257,21.668085456278845]],[[73.09425747410327,21.729453921061605],[73.07291114353453,21.734933019043694],[73.05122005965816,21.718720555609195],[73.06129705941183,21.721191049027823],[73.08015000791667,21.71666061889252],[73.09425747410327,21.729453921061605]],[[73.0603591204771,21.719087243381693],[73.0599254368095,21.717680811620227],[73.06262564675629,21.71839237231015],[73.0603591204771,21.719087243381693]],[[73.15961587467294,21.767050742897595],[73.15146350863412,21.79832005532637],[73.1415281296195,21.75495755664599],[73.15961587467294,21.767050742897595]],[[73.17155790287504,21.78398323054168],[73.17354786424264,21.787782072984328],[73.1711033585332,21.79377317389296],[73.17155790287504,21.78398323054168]],[[73.1675713062709,21.778043747121302],[73.17053115408956,21.77971804105485],[73.17077684437598,21.780648946391835],[73.1675713062709,21.778043747121302]],[[73.27920615643913,21.906048655221298],[73.28120255425463,21.904985666455417],[73.27998959994014,21.906570672998214],[73.27920615643913,21.906048655221298]],[[73.28558743001597,21.899657010662622],[73.28678643674479,21.90187454187665],[73.28331780467309,21.902432918344573],[73.28558743001597,21.899657010662622]],[[73.29571235194359,21.896803379072736],[73.29631721976395,21.895273923652752],[73.29696965182805,21.89731216422507],[73.29571235194359,21.896803379072736]],[[73.59239077551396,21.944523334084607],[73.59397315963369,21.94404685527826],[73.5920859575011,21.946513652483162],[73.59239077551396,21.944523334084607]],[[73.5939418074685,21.938392877829102],[73.59569597289092,21.9396857027331],[73.5940928459082,21.940618753852505],[73.5939418074685,21.938392877829102]],[[73.15434837367857,21.858058571745744],[73.14015007056943,21.85897815192024],[73.15559470633067,21.854928254735256],[73.15434837367857,21.858058571745744]],[[72.28740453738962,21.707440376272444],[72.28276121625723,21.73360455040975],[72.27400314782702,21.749572634769322],[72.26850855362696,21.734787345060056],[72.28740453738962,21.707440376272444]],[[72.57898366466455,21.84238874934141],[72.55832815192284,21.83464252972908],[72.57494592631352,21.833991527587017],[72.57898366466455,21.84238874934141]],[[72.53152894940152,21.869526148213197],[72.52839982489215,21.868152856469237],[72.53160846206092,21.868344545164717],[72.53152894940152,21.869526148213197]],[[72.34783315667497,21.92816865455984],[72.35693943540676,21.939034819301526],[72.35442924501379,21.94314253300155],[72.34783315667497,21.92816865455984]],[[72.46791553487415,22.20526981385089],[72.47241711655678,22.20325326942293],[72.47320890396779,22.20784354224574],[72.46791553487415,22.20526981385089]],[[72.37624204133729,22.203743577104404],[72.36835575141689,22.224312424878576],[72.37006974232477,22.235016226917423],[72.36376500105402,22.213309049672915],[72.37624204133729,22.203743577104404]],[[72.38268387346207,22.215537666829874],[72.3921786548211,22.210459708748658],[72.3883943562146,22.21433591806823],[72.38268387346207,22.215537666829874]],[[72.21075940142529,22.003593802611988],[72.2159568074608,22.003459334181002],[72.21282362970683,22.00535285495033],[72.21075940142529,22.003593802611988]],[[69.7219134567408,21.554238438453297],[69.71882903573155,21.55794835053598],[69.71933627135198,21.554403662798876],[69.7219134567408,21.554238438453297]],[[69.74020206897038,21.59267604366454],[69.73509073255141,21.608962774012895],[69.72516787030114,21.61022090936757],[69.73348605603681,21.5958780051659],[69.74020206897038,21.59267604366454]],[[69.0940157173516,22.451562762011946],[69.0856751205105,22.420841216748812],[69.11108636874101,22.46389234045921],[69.15054595453225,22.469059109290555],[69.12580072892067,22.475651025674324],[69.0940157173516,22.451562762011946]],[[69.29312253008075,22.458888650191142],[69.32149064577683,22.451456546682323],[69.32809674716728,22.463244676600567],[69.30146622688497,22.474099755399436],[69.29312253008075,22.458888650191142]],[[69.61271154879901,22.4507185216425],[69.58832931474618,22.438171506010264],[69.60814762071627,22.41746580570242],[69.63631832622988,22.406814813652744],[69.65724277493419,22.426627158916347],[69.61271154879901,22.4507185216425]],[[69.14244294148867,22.45359754559027],[69.14090013473353,22.454898357373366],[69.14207732660739,22.453024626185652],[69.14244294148867,22.45359754559027]],[[69.27760505642831,22.418094753769907],[69.27972543208304,22.41951584807802],[69.27566540223657,22.418645501288893],[69.27760505642831,22.418094753769907]],[[69.27778685078258,22.416604042042962],[69.28087544464617,22.416507006093553],[69.27867710586386,22.41780042634872],[69.27778685078258,22.416604042042962]],[[69.48035490495496,22.390130877937736],[69.48902046642141,22.391818999847033],[69.48288905598523,22.398745775197483],[69.48035490495496,22.390130877937736]],[[69.34040987521573,22.381607651272134],[69.32266497600793,22.380689143988832],[69.33310592150119,22.372509479928624],[69.34040987521573,22.381607651272134]],[[69.19497430362136,22.36780226196484],[69.19445335873561,22.37263190733674],[69.19006705305216,22.36911916711591],[69.19497430362136,22.36780226196484]],[[69.21384835201994,22.38229155511121],[69.21299827055375,22.384732127186055],[69.21254634863519,22.384359121676198],[69.21384835201994,22.38229155511121]],[[69.19963467140306,22.38675975755686],[69.20234966260685,22.38659524907152],[69.2017790076952,22.38747966305607],[69.19963467140306,22.38675975755686]],[[69.1827054024325,22.367046833244842],[69.18570375472464,22.366333842632855],[69.18329775348863,22.367491722465047],[69.1827054024325,22.367046833244842]],[[69.4531170131398,22.357658505535625],[69.43762552719633,22.354241371342255],[69.45853602921451,22.352898836412265],[69.4531170131398,22.357658505535625]],[[69.31196236647011,22.303318977289052],[69.31036114694948,22.306167960283176],[69.30952155607505,22.30421614635813],[69.31196236647011,22.303318977289052]],[[70.42535984538065,22.898010015449955],[70.42968046638057,22.90083444155627],[70.42863285512229,22.905799031100457],[70.42535984538065,22.898010015449955]],[[70.36347925626276,22.9354158635513],[70.39327633353608,22.96267926733441],[70.39664864551864,23.024339914655428],[70.36576175719946,23.03783357106252],[70.36520254616065,23.103096127284545],[70.3045562504706,23.098269820196094],[70.29322230786332,23.101591825902148],[70.28925514201123,23.105947256061086],[70.23048365129952,23.078874230661285],[70.23653245001262,22.97954630861534],[70.29067814378132,22.944827318226203],[70.36347925626276,22.9354158635513]],[[70.2727849481669,23.102591157056338],[70.27144384405833,23.117217063516705],[70.26140725623989,23.1038012506273],[70.24839985337067,23.096745252591376],[70.22112405333255,23.08897721722488],[70.21499216535622,23.07372701129259],[70.2727849481669,23.102591157056338]],[[70.2122602462135,23.086294651077367],[70.21954584116779,23.099577545967037],[70.21055734124846,23.08743190765648],[70.2122602462135,23.086294651077367]],[[70.2213748697545,23.096680045447783],[70.22553765793666,23.098700523510416],[70.22541761373193,23.100890159553302],[70.2213748697545,23.096680045447783]],[[70.29086780540499,23.10618090622387],[70.29759025568578,23.10391676404754],[70.295089244673,23.109224200336655],[70.29086780540499,23.10618090622387]],[[70.30040967436705,23.101679920791753],[70.34599614160865,23.104905605509316],[70.34943401776573,23.115162014615322],[70.31396222107972,23.11516630618013],[70.30040967436705,23.101679920791753]],[[70.37389552615767,23.154127478700246],[70.37501215948365,23.062316179348272],[70.39809274718257,23.06414485000485],[70.4024802444678,23.060946345497484],[70.40503334960945,23.052096724284496],[70.40248012575731,23.042524933978626],[70.39789354824879,23.036358356453036],[70.40224504477314,23.0291643142817],[70.43742585142198,23.062075733908102],[70.48119604606077,23.07209277136431],[70.5034831763077,23.11531674836931],[70.55276894543059,23.16447961344346],[70.50643897088187,23.169031858433584],[70.49176454509777,23.14934456390057],[70.46267735937275,23.157139420647837],[70.44377922982775,23.169615149719448],[70.37389552615767,23.154127478700246]],[[70.45664274656562,23.164437651976186],[70.46595525782905,23.158348321717767],[70.45686852945923,23.167269825741926],[70.45664274656562,23.164437651976186]],[[70.48225057130693,23.065269946850606],[70.45649886133353,23.04752802889547],[70.44641947747706,23.025252342521668],[70.48225057130693,23.065269946850606]],[[70.42942154436892,23.00548672693094],[70.44847774505203,23.05171406275386],[70.41396164891106,22.989928722632555],[70.42942154436892,23.00548672693094]],[[70.43576025932859,22.983319759599283],[70.43849754292731,22.978039503520307],[70.45507752870512,22.995169520057402],[70.43576025932859,22.983319759599283]],[[70.44143307217863,23.049324751136396],[70.42011094056747,23.037180542747905],[70.4148315190595,23.022646546101242],[70.42977714529903,23.034804105824918],[70.44143307217863,23.049324751136396]],[[70.45168530932969,23.0520172116251],[70.45168197194553,23.05079007140472],[70.45331382777104,23.052825212913376],[70.45168530932969,23.0520172116251]],[[70.45670020604982,23.054896831823385],[70.45917105649912,23.05730235551937],[70.44978451754153,23.052341580000018],[70.45670020604982,23.054896831823385]],[[70.4615117309817,23.057625174362386],[70.46823441958296,23.058801412954864],[70.46943354592148,23.060951233312863],[70.4615117309817,23.057625174362386]],[[70.45213103312082,23.06043005010676],[70.44666230701992,23.058312177265236],[70.44923365131203,23.0579277278824],[70.45213103312082,23.06043005010676]],[[70.36682522260597,23.04226863349075],[70.39259707919192,23.049777745946244],[70.39690947499238,23.063107848048816],[70.36682522260597,23.04226863349075]],[[70.39376914493025,23.05035364660364],[70.40395593661734,23.052418708556615],[70.40054595473211,23.058293461474165],[70.39376914493025,23.05035364660364]],[[70.43093073356661,22.9276467561929],[70.44749283812408,22.930205345400424],[70.45705282662672,22.91873991471536],[70.44592392404999,22.890368819565452],[70.4695625302866,22.89350581134417],[70.4711960552539,22.940945625740085],[70.43393921852012,22.96146404762777],[70.43093073356661,22.9276467561929]],[[70.47182726871361,22.93234503309685],[70.48095643519142,22.93397891509491],[70.47400414967186,22.938661455661673],[70.47182726871361,22.93234503309685]],[[69.63726520532512,22.778827428742915],[69.63569462300856,22.7765824798976],[69.63733482364333,22.775667667029296],[69.63726520532512,22.778827428742915]],[[68.60347151769653,23.228338003296273],[68.61369204565145,23.221912502859766],[68.60919320600166,23.23083114614053],[68.60347151769653,23.228338003296273]],[[68.63659596423238,23.22667586819685],[68.63436043218834,23.228055238458523],[68.6342483757621,23.22558915621468],[68.63659596423238,23.22667586819685]],[[68.63360881839228,23.228713870448786],[68.63153195373681,23.228081345777582],[68.63255822678084,23.227442145438687],[68.63360881839228,23.228713870448786]],[[68.65908825411978,23.26948165865167],[68.65736913707613,23.26878881465217],[68.66032862696457,23.268009424395473],[68.65908825411978,23.26948165865167]],[[68.70008003736385,23.30944752678198],[68.70695757842955,23.310971856066374],[68.70020604137576,23.309819817330776],[68.70008003736385,23.30944752678198]],[[68.58673048042746,23.37569212918848],[68.58101201079577,23.384539604619164],[68.5782119032568,23.384783744474333],[68.58673048042746,23.37569212918848]],[[68.59386980514742,23.803207755133883],[68.60801255713383,23.805903077265327],[68.6057430505015,23.809134125539487],[68.59386980514742,23.803207755133883]],[[68.59546065368627,23.810122012820727],[68.59384250622676,23.811849832603798],[68.5943952799183,23.81013727161789],[68.59546065368627,23.810122012820727]],[[68.70549726468718,23.848403453456655],[68.71065223261454,23.84956550614328],[68.70297586874145,23.85075235403798],[68.70549726468718,23.848403453456655]],[[68.69651651422592,23.84891164325782],[68.6983051299778,23.85299932995514],[68.69496595891192,23.849377274441764],[68.69651651422592,23.84891164325782]],[[68.49111306671475,23.86610043049049],[68.53273475130786,23.876015662892655],[68.54687011266569,23.872802972479207],[68.58765947830236,23.92124950865795],[68.52579653298378,23.940751314421647],[68.52531635796359,23.89241480849671],[68.4862593410958,23.889907956387162],[68.49111306671475,23.86610043049049]],[[68.53477585352292,23.864944458120306],[68.5243797302405,23.859463930216293],[68.52455770967069,23.85831093819931],[68.53477585352292,23.864944458120306]]],[[[68.75850570187669,24.058594345653532],[68.79422783834471,24.026090741594743],[68.78794145583404,24.082031250142364],[68.79340255298578,24.089387058765823],[68.8072382215673,24.02350342264492],[68.82037711161487,24.039892434688227],[68.84964013098786,24.04076611976069],[68.88047170650472,24.06100082352924],[68.90908992276243,24.067933439976457],[68.80736434428925,24.019560575360345],[68.76844310796335,24.03715717816135],[68.75850570187669,24.058594345653532]]]]}}]}